ISO-10303-21;
HEADER;
/* Generated by software containing ST-Developer
 * from STEP Tools, Inc. (www.steptools.com) 
 */

FILE_DESCRIPTION(
/* description */ (''),
/* implementation_level */ '2;1');

FILE_NAME(
/* name */ 'Carrier.step',
/* time_stamp */ '2023-04-17T10:19:35-06:00',
/* author */ (''),
/* organization */ (''),
/* preprocessor_version */ 'ST-DEVELOPER v19.2',
/* originating_system */ 'Autodesk Translation Framework v12.4.0.73',
/* authorisation */ '');

FILE_SCHEMA (('AUTOMOTIVE_DESIGN { 1 0 10303 214 3 1 1 }'));
ENDSEC;

DATA;
#10=MECHANICAL_DESIGN_GEOMETRIC_PRESENTATION_REPRESENTATION('',(#27,#28,
#29,#30,#31,#32,#33,#34,#35,#36,#37,#38,#39,#40,#41,#42,#43,#44),#3686);
#11=SHAPE_REPRESENTATION_RELATIONSHIP('SRR','None',#3693,#12);
#12=ADVANCED_BREP_SHAPE_REPRESENTATION('',(#45,#46,#47,#48,#49,#50,#51,
#52,#53,#54,#55,#56,#57,#58,#59,#60,#61,#62),#3685);
#13=ELLIPSE('',#2299,1.20484072214208,1.);
#14=ELLIPSE('',#2300,1.20484072214208,1.);
#15=ELLIPSE('',#2308,1.20484072214208,1.);
#16=ELLIPSE('',#2309,1.20484072214208,1.);
#17=ELLIPSE('',#2317,1.20484072214208,1.);
#18=ELLIPSE('',#2318,1.20484072214208,1.);
#19=ELLIPSE('',#2382,1.20484072214208,1.);
#20=ELLIPSE('',#2383,1.20484072214208,1.);
#21=FACE_BOUND('',#334,.T.);
#22=FACE_BOUND('',#342,.T.);
#23=FACE_BOUND('',#371,.T.);
#24=FACE_BOUND('',#379,.T.);
#25=FACE_BOUND('',#387,.T.);
#26=FACE_BOUND('',#395,.T.);
#27=STYLED_ITEM('',(#3702),#45);
#28=STYLED_ITEM('',(#3702),#46);
#29=STYLED_ITEM('',(#3702),#47);
#30=STYLED_ITEM('',(#3702),#48);
#31=STYLED_ITEM('',(#3702),#49);
#32=STYLED_ITEM('',(#3702),#50);
#33=STYLED_ITEM('',(#3702),#51);
#34=STYLED_ITEM('',(#3702),#52);
#35=STYLED_ITEM('',(#3702),#53);
#36=STYLED_ITEM('',(#3702),#54);
#37=STYLED_ITEM('',(#3702),#55);
#38=STYLED_ITEM('',(#3702),#56);
#39=STYLED_ITEM('',(#3702),#57);
#40=STYLED_ITEM('',(#3702),#58);
#41=STYLED_ITEM('',(#3702),#59);
#42=STYLED_ITEM('',(#3702),#60);
#43=STYLED_ITEM('',(#3702),#61);
#44=STYLED_ITEM('',(#3702),#62);
#45=MANIFOLD_SOLID_BREP('Basement',#2221);
#46=MANIFOLD_SOLID_BREP('Plateform',#2222);
#47=MANIFOLD_SOLID_BREP('Pillar1',#2223);
#48=MANIFOLD_SOLID_BREP('Pillar2',#2224);
#49=MANIFOLD_SOLID_BREP('Pillar3',#2225);
#50=MANIFOLD_SOLID_BREP('MotorCarrier1',#2226);
#51=MANIFOLD_SOLID_BREP('MotorCarrier2',#2227);
#52=MANIFOLD_SOLID_BREP('MotorCarrier3',#2228);
#53=MANIFOLD_SOLID_BREP('MotorCarrier4',#2229);
#54=MANIFOLD_SOLID_BREP('Pillar4',#2230);
#55=MANIFOLD_SOLID_BREP('Body21',#2231);
#56=MANIFOLD_SOLID_BREP('Body23',#2232);
#57=MANIFOLD_SOLID_BREP('Body24',#2233);
#58=MANIFOLD_SOLID_BREP('Body25',#2234);
#59=MANIFOLD_SOLID_BREP('Body26',#2235);
#60=MANIFOLD_SOLID_BREP('Body27',#2236);
#61=MANIFOLD_SOLID_BREP('Body28',#2237);
#62=MANIFOLD_SOLID_BREP('Body22',#2238);
#63=PLANE('',#2255);
#64=PLANE('',#2256);
#65=PLANE('',#2262);
#66=PLANE('',#2265);
#67=PLANE('',#2268);
#68=PLANE('',#2269);
#69=PLANE('',#2270);
#70=PLANE('',#2271);
#71=PLANE('',#2272);
#72=PLANE('',#2273);
#73=PLANE('',#2274);
#74=PLANE('',#2275);
#75=PLANE('',#2276);
#76=PLANE('',#2277);
#77=PLANE('',#2278);
#78=PLANE('',#2279);
#79=PLANE('',#2283);
#80=PLANE('',#2284);
#81=PLANE('',#2290);
#82=PLANE('',#2293);
#83=PLANE('',#2296);
#84=PLANE('',#2297);
#85=PLANE('',#2301);
#86=PLANE('',#2302);
#87=PLANE('',#2303);
#88=PLANE('',#2304);
#89=PLANE('',#2305);
#90=PLANE('',#2306);
#91=PLANE('',#2310);
#92=PLANE('',#2311);
#93=PLANE('',#2312);
#94=PLANE('',#2313);
#95=PLANE('',#2314);
#96=PLANE('',#2315);
#97=PLANE('',#2319);
#98=PLANE('',#2320);
#99=PLANE('',#2321);
#100=PLANE('',#2322);
#101=PLANE('',#2323);
#102=PLANE('',#2324);
#103=PLANE('',#2325);
#104=PLANE('',#2326);
#105=PLANE('',#2327);
#106=PLANE('',#2331);
#107=PLANE('',#2338);
#108=PLANE('',#2339);
#109=PLANE('',#2340);
#110=PLANE('',#2341);
#111=PLANE('',#2345);
#112=PLANE('',#2352);
#113=PLANE('',#2353);
#114=PLANE('',#2354);
#115=PLANE('',#2355);
#116=PLANE('',#2359);
#117=PLANE('',#2366);
#118=PLANE('',#2367);
#119=PLANE('',#2368);
#120=PLANE('',#2369);
#121=PLANE('',#2373);
#122=PLANE('',#2380);
#123=PLANE('',#2384);
#124=PLANE('',#2385);
#125=PLANE('',#2386);
#126=PLANE('',#2387);
#127=PLANE('',#2388);
#128=PLANE('',#2389);
#129=PLANE('',#2390);
#130=PLANE('',#2391);
#131=PLANE('',#2392);
#132=PLANE('',#2393);
#133=PLANE('',#2394);
#134=PLANE('',#2395);
#135=PLANE('',#2396);
#136=PLANE('',#2397);
#137=PLANE('',#2398);
#138=PLANE('',#2399);
#139=PLANE('',#2400);
#140=PLANE('',#2401);
#141=PLANE('',#2402);
#142=PLANE('',#2403);
#143=PLANE('',#2404);
#144=PLANE('',#2405);
#145=PLANE('',#2406);
#146=PLANE('',#2407);
#147=PLANE('',#2408);
#148=PLANE('',#2409);
#149=PLANE('',#2410);
#150=PLANE('',#2411);
#151=PLANE('',#2412);
#152=PLANE('',#2413);
#153=PLANE('',#2414);
#154=PLANE('',#2415);
#155=PLANE('',#2416);
#156=PLANE('',#2417);
#157=PLANE('',#2418);
#158=PLANE('',#2419);
#159=PLANE('',#2420);
#160=PLANE('',#2421);
#161=PLANE('',#2422);
#162=PLANE('',#2423);
#163=PLANE('',#2424);
#164=PLANE('',#2425);
#165=PLANE('',#2426);
#166=PLANE('',#2427);
#167=PLANE('',#2428);
#168=PLANE('',#2429);
#169=PLANE('',#2430);
#170=PLANE('',#2431);
#171=PLANE('',#2432);
#172=PLANE('',#2433);
#173=PLANE('',#2434);
#174=PLANE('',#2435);
#175=PLANE('',#2436);
#176=PLANE('',#2437);
#177=FACE_OUTER_BOUND('',#311,.T.);
#178=FACE_OUTER_BOUND('',#312,.T.);
#179=FACE_OUTER_BOUND('',#313,.T.);
#180=FACE_OUTER_BOUND('',#314,.T.);
#181=FACE_OUTER_BOUND('',#315,.T.);
#182=FACE_OUTER_BOUND('',#316,.T.);
#183=FACE_OUTER_BOUND('',#317,.T.);
#184=FACE_OUTER_BOUND('',#318,.T.);
#185=FACE_OUTER_BOUND('',#319,.T.);
#186=FACE_OUTER_BOUND('',#320,.T.);
#187=FACE_OUTER_BOUND('',#321,.T.);
#188=FACE_OUTER_BOUND('',#322,.T.);
#189=FACE_OUTER_BOUND('',#323,.T.);
#190=FACE_OUTER_BOUND('',#324,.T.);
#191=FACE_OUTER_BOUND('',#325,.T.);
#192=FACE_OUTER_BOUND('',#326,.T.);
#193=FACE_OUTER_BOUND('',#327,.T.);
#194=FACE_OUTER_BOUND('',#328,.T.);
#195=FACE_OUTER_BOUND('',#329,.T.);
#196=FACE_OUTER_BOUND('',#330,.T.);
#197=FACE_OUTER_BOUND('',#331,.T.);
#198=FACE_OUTER_BOUND('',#332,.T.);
#199=FACE_OUTER_BOUND('',#333,.T.);
#200=FACE_OUTER_BOUND('',#335,.T.);
#201=FACE_OUTER_BOUND('',#336,.T.);
#202=FACE_OUTER_BOUND('',#337,.T.);
#203=FACE_OUTER_BOUND('',#338,.T.);
#204=FACE_OUTER_BOUND('',#339,.T.);
#205=FACE_OUTER_BOUND('',#340,.T.);
#206=FACE_OUTER_BOUND('',#341,.T.);
#207=FACE_OUTER_BOUND('',#343,.T.);
#208=FACE_OUTER_BOUND('',#344,.T.);
#209=FACE_OUTER_BOUND('',#345,.T.);
#210=FACE_OUTER_BOUND('',#346,.T.);
#211=FACE_OUTER_BOUND('',#347,.T.);
#212=FACE_OUTER_BOUND('',#348,.T.);
#213=FACE_OUTER_BOUND('',#349,.T.);
#214=FACE_OUTER_BOUND('',#350,.T.);
#215=FACE_OUTER_BOUND('',#351,.T.);
#216=FACE_OUTER_BOUND('',#352,.T.);
#217=FACE_OUTER_BOUND('',#353,.T.);
#218=FACE_OUTER_BOUND('',#354,.T.);
#219=FACE_OUTER_BOUND('',#355,.T.);
#220=FACE_OUTER_BOUND('',#356,.T.);
#221=FACE_OUTER_BOUND('',#357,.T.);
#222=FACE_OUTER_BOUND('',#358,.T.);
#223=FACE_OUTER_BOUND('',#359,.T.);
#224=FACE_OUTER_BOUND('',#360,.T.);
#225=FACE_OUTER_BOUND('',#361,.T.);
#226=FACE_OUTER_BOUND('',#362,.T.);
#227=FACE_OUTER_BOUND('',#363,.T.);
#228=FACE_OUTER_BOUND('',#364,.T.);
#229=FACE_OUTER_BOUND('',#365,.T.);
#230=FACE_OUTER_BOUND('',#366,.T.);
#231=FACE_OUTER_BOUND('',#367,.T.);
#232=FACE_OUTER_BOUND('',#368,.T.);
#233=FACE_OUTER_BOUND('',#369,.T.);
#234=FACE_OUTER_BOUND('',#370,.T.);
#235=FACE_OUTER_BOUND('',#372,.T.);
#236=FACE_OUTER_BOUND('',#373,.T.);
#237=FACE_OUTER_BOUND('',#374,.T.);
#238=FACE_OUTER_BOUND('',#375,.T.);
#239=FACE_OUTER_BOUND('',#376,.T.);
#240=FACE_OUTER_BOUND('',#377,.T.);
#241=FACE_OUTER_BOUND('',#378,.T.);
#242=FACE_OUTER_BOUND('',#380,.T.);
#243=FACE_OUTER_BOUND('',#381,.T.);
#244=FACE_OUTER_BOUND('',#382,.T.);
#245=FACE_OUTER_BOUND('',#383,.T.);
#246=FACE_OUTER_BOUND('',#384,.T.);
#247=FACE_OUTER_BOUND('',#385,.T.);
#248=FACE_OUTER_BOUND('',#386,.T.);
#249=FACE_OUTER_BOUND('',#388,.T.);
#250=FACE_OUTER_BOUND('',#389,.T.);
#251=FACE_OUTER_BOUND('',#390,.T.);
#252=FACE_OUTER_BOUND('',#391,.T.);
#253=FACE_OUTER_BOUND('',#392,.T.);
#254=FACE_OUTER_BOUND('',#393,.T.);
#255=FACE_OUTER_BOUND('',#394,.T.);
#256=FACE_OUTER_BOUND('',#396,.T.);
#257=FACE_OUTER_BOUND('',#397,.T.);
#258=FACE_OUTER_BOUND('',#398,.T.);
#259=FACE_OUTER_BOUND('',#399,.T.);
#260=FACE_OUTER_BOUND('',#400,.T.);
#261=FACE_OUTER_BOUND('',#401,.T.);
#262=FACE_OUTER_BOUND('',#402,.T.);
#263=FACE_OUTER_BOUND('',#403,.T.);
#264=FACE_OUTER_BOUND('',#404,.T.);
#265=FACE_OUTER_BOUND('',#405,.T.);
#266=FACE_OUTER_BOUND('',#406,.T.);
#267=FACE_OUTER_BOUND('',#407,.T.);
#268=FACE_OUTER_BOUND('',#408,.T.);
#269=FACE_OUTER_BOUND('',#409,.T.);
#270=FACE_OUTER_BOUND('',#410,.T.);
#271=FACE_OUTER_BOUND('',#411,.T.);
#272=FACE_OUTER_BOUND('',#412,.T.);
#273=FACE_OUTER_BOUND('',#413,.T.);
#274=FACE_OUTER_BOUND('',#414,.T.);
#275=FACE_OUTER_BOUND('',#415,.T.);
#276=FACE_OUTER_BOUND('',#416,.T.);
#277=FACE_OUTER_BOUND('',#417,.T.);
#278=FACE_OUTER_BOUND('',#418,.T.);
#279=FACE_OUTER_BOUND('',#419,.T.);
#280=FACE_OUTER_BOUND('',#420,.T.);
#281=FACE_OUTER_BOUND('',#421,.T.);
#282=FACE_OUTER_BOUND('',#422,.T.);
#283=FACE_OUTER_BOUND('',#423,.T.);
#284=FACE_OUTER_BOUND('',#424,.T.);
#285=FACE_OUTER_BOUND('',#425,.T.);
#286=FACE_OUTER_BOUND('',#426,.T.);
#287=FACE_OUTER_BOUND('',#427,.T.);
#288=FACE_OUTER_BOUND('',#428,.T.);
#289=FACE_OUTER_BOUND('',#429,.T.);
#290=FACE_OUTER_BOUND('',#430,.T.);
#291=FACE_OUTER_BOUND('',#431,.T.);
#292=FACE_OUTER_BOUND('',#432,.T.);
#293=FACE_OUTER_BOUND('',#433,.T.);
#294=FACE_OUTER_BOUND('',#434,.T.);
#295=FACE_OUTER_BOUND('',#435,.T.);
#296=FACE_OUTER_BOUND('',#436,.T.);
#297=FACE_OUTER_BOUND('',#437,.T.);
#298=FACE_OUTER_BOUND('',#438,.T.);
#299=FACE_OUTER_BOUND('',#439,.T.);
#300=FACE_OUTER_BOUND('',#440,.T.);
#301=FACE_OUTER_BOUND('',#441,.T.);
#302=FACE_OUTER_BOUND('',#442,.T.);
#303=FACE_OUTER_BOUND('',#443,.T.);
#304=FACE_OUTER_BOUND('',#444,.T.);
#305=FACE_OUTER_BOUND('',#445,.T.);
#306=FACE_OUTER_BOUND('',#446,.T.);
#307=FACE_OUTER_BOUND('',#447,.T.);
#308=FACE_OUTER_BOUND('',#448,.T.);
#309=FACE_OUTER_BOUND('',#449,.T.);
#310=FACE_OUTER_BOUND('',#450,.T.);
#311=EDGE_LOOP('',(#1475,#1476,#1477,#1478));
#312=EDGE_LOOP('',(#1479,#1480,#1481,#1482));
#313=EDGE_LOOP('',(#1483,#1484,#1485,#1486,#1487,#1488,#1489,#1490));
#314=EDGE_LOOP('',(#1491,#1492,#1493,#1494));
#315=EDGE_LOOP('',(#1495,#1496,#1497,#1498));
#316=EDGE_LOOP('',(#1499,#1500,#1501,#1502));
#317=EDGE_LOOP('',(#1503,#1504,#1505,#1506));
#318=EDGE_LOOP('',(#1507,#1508,#1509,#1510));
#319=EDGE_LOOP('',(#1511,#1512,#1513,#1514));
#320=EDGE_LOOP('',(#1515,#1516,#1517,#1518,#1519,#1520,#1521,#1522));
#321=EDGE_LOOP('',(#1523,#1524,#1525,#1526));
#322=EDGE_LOOP('',(#1527,#1528,#1529,#1530));
#323=EDGE_LOOP('',(#1531,#1532,#1533,#1534));
#324=EDGE_LOOP('',(#1535,#1536,#1537,#1538));
#325=EDGE_LOOP('',(#1539,#1540,#1541,#1542));
#326=EDGE_LOOP('',(#1543,#1544,#1545,#1546));
#327=EDGE_LOOP('',(#1547,#1548,#1549,#1550));
#328=EDGE_LOOP('',(#1551,#1552,#1553,#1554));
#329=EDGE_LOOP('',(#1555,#1556,#1557,#1558));
#330=EDGE_LOOP('',(#1559,#1560,#1561,#1562));
#331=EDGE_LOOP('',(#1563,#1564,#1565,#1566));
#332=EDGE_LOOP('',(#1567,#1568,#1569,#1570));
#333=EDGE_LOOP('',(#1571,#1572,#1573,#1574,#1575,#1576,#1577,#1578));
#334=EDGE_LOOP('',(#1579,#1580,#1581,#1582));
#335=EDGE_LOOP('',(#1583,#1584,#1585,#1586));
#336=EDGE_LOOP('',(#1587,#1588,#1589,#1590));
#337=EDGE_LOOP('',(#1591,#1592,#1593,#1594));
#338=EDGE_LOOP('',(#1595,#1596,#1597,#1598));
#339=EDGE_LOOP('',(#1599,#1600,#1601,#1602));
#340=EDGE_LOOP('',(#1603,#1604,#1605,#1606));
#341=EDGE_LOOP('',(#1607,#1608,#1609,#1610,#1611,#1612,#1613,#1614));
#342=EDGE_LOOP('',(#1615,#1616,#1617,#1618));
#343=EDGE_LOOP('',(#1619,#1620,#1621,#1622));
#344=EDGE_LOOP('',(#1623,#1624,#1625,#1626));
#345=EDGE_LOOP('',(#1627,#1628,#1629,#1630,#1631));
#346=EDGE_LOOP('',(#1632,#1633,#1634,#1635,#1636));
#347=EDGE_LOOP('',(#1637,#1638,#1639,#1640));
#348=EDGE_LOOP('',(#1641,#1642,#1643,#1644));
#349=EDGE_LOOP('',(#1645,#1646,#1647,#1648));
#350=EDGE_LOOP('',(#1649,#1650,#1651,#1652));
#351=EDGE_LOOP('',(#1653,#1654,#1655,#1656));
#352=EDGE_LOOP('',(#1657,#1658,#1659,#1660,#1661));
#353=EDGE_LOOP('',(#1662,#1663,#1664,#1665,#1666));
#354=EDGE_LOOP('',(#1667,#1668,#1669,#1670));
#355=EDGE_LOOP('',(#1671,#1672,#1673,#1674));
#356=EDGE_LOOP('',(#1675,#1676,#1677,#1678));
#357=EDGE_LOOP('',(#1679,#1680,#1681,#1682));
#358=EDGE_LOOP('',(#1683,#1684,#1685,#1686));
#359=EDGE_LOOP('',(#1687,#1688,#1689,#1690,#1691));
#360=EDGE_LOOP('',(#1692,#1693,#1694,#1695,#1696));
#361=EDGE_LOOP('',(#1697,#1698,#1699,#1700));
#362=EDGE_LOOP('',(#1701,#1702,#1703,#1704));
#363=EDGE_LOOP('',(#1705,#1706,#1707,#1708));
#364=EDGE_LOOP('',(#1709,#1710,#1711,#1712));
#365=EDGE_LOOP('',(#1713,#1714,#1715,#1716));
#366=EDGE_LOOP('',(#1717,#1718,#1719,#1720,#1721));
#367=EDGE_LOOP('',(#1722,#1723,#1724,#1725));
#368=EDGE_LOOP('',(#1726,#1727,#1728,#1729,#1730,#1731,#1732));
#369=EDGE_LOOP('',(#1733,#1734,#1735,#1736,#1737,#1738,#1739,#1740));
#370=EDGE_LOOP('',(#1741));
#371=EDGE_LOOP('',(#1742));
#372=EDGE_LOOP('',(#1743,#1744,#1745,#1746));
#373=EDGE_LOOP('',(#1747,#1748,#1749,#1750));
#374=EDGE_LOOP('',(#1751,#1752,#1753,#1754,#1755));
#375=EDGE_LOOP('',(#1756,#1757,#1758,#1759));
#376=EDGE_LOOP('',(#1760,#1761,#1762,#1763,#1764,#1765,#1766));
#377=EDGE_LOOP('',(#1767,#1768,#1769,#1770,#1771,#1772,#1773,#1774));
#378=EDGE_LOOP('',(#1775));
#379=EDGE_LOOP('',(#1776));
#380=EDGE_LOOP('',(#1777,#1778,#1779,#1780));
#381=EDGE_LOOP('',(#1781,#1782,#1783,#1784));
#382=EDGE_LOOP('',(#1785,#1786,#1787,#1788,#1789));
#383=EDGE_LOOP('',(#1790,#1791,#1792,#1793));
#384=EDGE_LOOP('',(#1794,#1795,#1796,#1797,#1798,#1799,#1800));
#385=EDGE_LOOP('',(#1801,#1802,#1803,#1804,#1805,#1806,#1807,#1808));
#386=EDGE_LOOP('',(#1809));
#387=EDGE_LOOP('',(#1810));
#388=EDGE_LOOP('',(#1811,#1812,#1813,#1814));
#389=EDGE_LOOP('',(#1815,#1816,#1817,#1818));
#390=EDGE_LOOP('',(#1819,#1820,#1821,#1822,#1823));
#391=EDGE_LOOP('',(#1824,#1825,#1826,#1827));
#392=EDGE_LOOP('',(#1828,#1829,#1830,#1831,#1832,#1833,#1834));
#393=EDGE_LOOP('',(#1835,#1836,#1837,#1838,#1839,#1840,#1841,#1842));
#394=EDGE_LOOP('',(#1843));
#395=EDGE_LOOP('',(#1844));
#396=EDGE_LOOP('',(#1845,#1846,#1847,#1848));
#397=EDGE_LOOP('',(#1849,#1850,#1851,#1852));
#398=EDGE_LOOP('',(#1853,#1854,#1855,#1856,#1857));
#399=EDGE_LOOP('',(#1858,#1859,#1860,#1861,#1862));
#400=EDGE_LOOP('',(#1863,#1864,#1865,#1866));
#401=EDGE_LOOP('',(#1867,#1868,#1869,#1870));
#402=EDGE_LOOP('',(#1871,#1872,#1873,#1874));
#403=EDGE_LOOP('',(#1875,#1876,#1877,#1878));
#404=EDGE_LOOP('',(#1879,#1880,#1881,#1882));
#405=EDGE_LOOP('',(#1883,#1884,#1885,#1886));
#406=EDGE_LOOP('',(#1887,#1888,#1889,#1890));
#407=EDGE_LOOP('',(#1891,#1892,#1893,#1894));
#408=EDGE_LOOP('',(#1895,#1896,#1897,#1898));
#409=EDGE_LOOP('',(#1899,#1900,#1901,#1902));
#410=EDGE_LOOP('',(#1903,#1904,#1905,#1906));
#411=EDGE_LOOP('',(#1907,#1908,#1909,#1910));
#412=EDGE_LOOP('',(#1911,#1912,#1913,#1914));
#413=EDGE_LOOP('',(#1915,#1916,#1917,#1918));
#414=EDGE_LOOP('',(#1919,#1920,#1921,#1922));
#415=EDGE_LOOP('',(#1923,#1924,#1925,#1926));
#416=EDGE_LOOP('',(#1927,#1928,#1929,#1930));
#417=EDGE_LOOP('',(#1931,#1932,#1933,#1934));
#418=EDGE_LOOP('',(#1935,#1936,#1937,#1938));
#419=EDGE_LOOP('',(#1939,#1940,#1941,#1942));
#420=EDGE_LOOP('',(#1943,#1944,#1945,#1946));
#421=EDGE_LOOP('',(#1947,#1948,#1949,#1950));
#422=EDGE_LOOP('',(#1951,#1952,#1953,#1954));
#423=EDGE_LOOP('',(#1955,#1956,#1957,#1958));
#424=EDGE_LOOP('',(#1959,#1960,#1961,#1962));
#425=EDGE_LOOP('',(#1963,#1964,#1965,#1966));
#426=EDGE_LOOP('',(#1967,#1968,#1969,#1970));
#427=EDGE_LOOP('',(#1971,#1972,#1973,#1974));
#428=EDGE_LOOP('',(#1975,#1976,#1977,#1978));
#429=EDGE_LOOP('',(#1979,#1980,#1981,#1982));
#430=EDGE_LOOP('',(#1983,#1984,#1985,#1986));
#431=EDGE_LOOP('',(#1987,#1988,#1989,#1990));
#432=EDGE_LOOP('',(#1991,#1992,#1993,#1994));
#433=EDGE_LOOP('',(#1995,#1996,#1997,#1998));
#434=EDGE_LOOP('',(#1999,#2000,#2001,#2002));
#435=EDGE_LOOP('',(#2003,#2004,#2005,#2006));
#436=EDGE_LOOP('',(#2007,#2008,#2009,#2010));
#437=EDGE_LOOP('',(#2011,#2012,#2013,#2014));
#438=EDGE_LOOP('',(#2015,#2016,#2017,#2018));
#439=EDGE_LOOP('',(#2019,#2020,#2021,#2022));
#440=EDGE_LOOP('',(#2023,#2024,#2025,#2026));
#441=EDGE_LOOP('',(#2027,#2028,#2029,#2030));
#442=EDGE_LOOP('',(#2031,#2032,#2033,#2034));
#443=EDGE_LOOP('',(#2035,#2036,#2037,#2038));
#444=EDGE_LOOP('',(#2039,#2040,#2041,#2042));
#445=EDGE_LOOP('',(#2043,#2044,#2045,#2046));
#446=EDGE_LOOP('',(#2047,#2048,#2049,#2050));
#447=EDGE_LOOP('',(#2051,#2052,#2053,#2054));
#448=EDGE_LOOP('',(#2055,#2056,#2057,#2058));
#449=EDGE_LOOP('',(#2059,#2060,#2061,#2062));
#450=EDGE_LOOP('',(#2063,#2064,#2065,#2066));
#451=LINE('',#3062,#695);
#452=LINE('',#3065,#696);
#453=LINE('',#3068,#697);
#454=LINE('',#3070,#698);
#455=LINE('',#3071,#699);
#456=LINE('',#3074,#700);
#457=LINE('',#3078,#701);
#458=LINE('',#3082,#702);
#459=LINE('',#3086,#703);
#460=LINE('',#3090,#704);
#461=LINE('',#3091,#705);
#462=LINE('',#3094,#706);
#463=LINE('',#3098,#707);
#464=LINE('',#3099,#708);
#465=LINE('',#3102,#709);
#466=LINE('',#3105,#710);
#467=LINE('',#3110,#711);
#468=LINE('',#3112,#712);
#469=LINE('',#3114,#713);
#470=LINE('',#3115,#714);
#471=LINE('',#3118,#715);
#472=LINE('',#3120,#716);
#473=LINE('',#3121,#717);
#474=LINE('',#3124,#718);
#475=LINE('',#3126,#719);
#476=LINE('',#3127,#720);
#477=LINE('',#3129,#721);
#478=LINE('',#3130,#722);
#479=LINE('',#3135,#723);
#480=LINE('',#3137,#724);
#481=LINE('',#3139,#725);
#482=LINE('',#3140,#726);
#483=LINE('',#3144,#727);
#484=LINE('',#3145,#728);
#485=LINE('',#3146,#729);
#486=LINE('',#3149,#730);
#487=LINE('',#3150,#731);
#488=LINE('',#3153,#732);
#489=LINE('',#3154,#733);
#490=LINE('',#3156,#734);
#491=LINE('',#3162,#735);
#492=LINE('',#3165,#736);
#493=LINE('',#3168,#737);
#494=LINE('',#3170,#738);
#495=LINE('',#3171,#739);
#496=LINE('',#3174,#740);
#497=LINE('',#3178,#741);
#498=LINE('',#3182,#742);
#499=LINE('',#3187,#743);
#500=LINE('',#3190,#744);
#501=LINE('',#3191,#745);
#502=LINE('',#3195,#746);
#503=LINE('',#3198,#747);
#504=LINE('',#3199,#748);
#505=LINE('',#3203,#749);
#506=LINE('',#3205,#750);
#507=LINE('',#3212,#751);
#508=LINE('',#3215,#752);
#509=LINE('',#3218,#753);
#510=LINE('',#3220,#754);
#511=LINE('',#3221,#755);
#512=LINE('',#3224,#756);
#513=LINE('',#3226,#757);
#514=LINE('',#3227,#758);
#515=LINE('',#3230,#759);
#516=LINE('',#3232,#760);
#517=LINE('',#3233,#761);
#518=LINE('',#3235,#762);
#519=LINE('',#3237,#763);
#520=LINE('',#3244,#764);
#521=LINE('',#3247,#765);
#522=LINE('',#3250,#766);
#523=LINE('',#3252,#767);
#524=LINE('',#3253,#768);
#525=LINE('',#3256,#769);
#526=LINE('',#3258,#770);
#527=LINE('',#3259,#771);
#528=LINE('',#3262,#772);
#529=LINE('',#3264,#773);
#530=LINE('',#3265,#774);
#531=LINE('',#3267,#775);
#532=LINE('',#3268,#776);
#533=LINE('',#3276,#777);
#534=LINE('',#3279,#778);
#535=LINE('',#3282,#779);
#536=LINE('',#3284,#780);
#537=LINE('',#3285,#781);
#538=LINE('',#3288,#782);
#539=LINE('',#3290,#783);
#540=LINE('',#3291,#784);
#541=LINE('',#3294,#785);
#542=LINE('',#3296,#786);
#543=LINE('',#3297,#787);
#544=LINE('',#3299,#788);
#545=LINE('',#3301,#789);
#546=LINE('',#3306,#790);
#547=LINE('',#3308,#791);
#548=LINE('',#3310,#792);
#549=LINE('',#3311,#793);
#550=LINE('',#3315,#794);
#551=LINE('',#3317,#795);
#552=LINE('',#3319,#796);
#553=LINE('',#3320,#797);
#554=LINE('',#3331,#798);
#555=LINE('',#3335,#799);
#556=LINE('',#3341,#800);
#557=LINE('',#3343,#801);
#558=LINE('',#3345,#802);
#559=LINE('',#3346,#803);
#560=LINE('',#3350,#804);
#561=LINE('',#3352,#805);
#562=LINE('',#3354,#806);
#563=LINE('',#3355,#807);
#564=LINE('',#3366,#808);
#565=LINE('',#3370,#809);
#566=LINE('',#3376,#810);
#567=LINE('',#3378,#811);
#568=LINE('',#3380,#812);
#569=LINE('',#3381,#813);
#570=LINE('',#3385,#814);
#571=LINE('',#3387,#815);
#572=LINE('',#3389,#816);
#573=LINE('',#3390,#817);
#574=LINE('',#3401,#818);
#575=LINE('',#3405,#819);
#576=LINE('',#3411,#820);
#577=LINE('',#3413,#821);
#578=LINE('',#3415,#822);
#579=LINE('',#3416,#823);
#580=LINE('',#3420,#824);
#581=LINE('',#3422,#825);
#582=LINE('',#3424,#826);
#583=LINE('',#3425,#827);
#584=LINE('',#3436,#828);
#585=LINE('',#3440,#829);
#586=LINE('',#3448,#830);
#587=LINE('',#3451,#831);
#588=LINE('',#3454,#832);
#589=LINE('',#3456,#833);
#590=LINE('',#3457,#834);
#591=LINE('',#3460,#835);
#592=LINE('',#3462,#836);
#593=LINE('',#3463,#837);
#594=LINE('',#3466,#838);
#595=LINE('',#3468,#839);
#596=LINE('',#3469,#840);
#597=LINE('',#3471,#841);
#598=LINE('',#3472,#842);
#599=LINE('',#3478,#843);
#600=LINE('',#3480,#844);
#601=LINE('',#3482,#845);
#602=LINE('',#3483,#846);
#603=LINE('',#3487,#847);
#604=LINE('',#3489,#848);
#605=LINE('',#3491,#849);
#606=LINE('',#3492,#850);
#607=LINE('',#3494,#851);
#608=LINE('',#3495,#852);
#609=LINE('',#3497,#853);
#610=LINE('',#3499,#854);
#611=LINE('',#3504,#855);
#612=LINE('',#3506,#856);
#613=LINE('',#3508,#857);
#614=LINE('',#3509,#858);
#615=LINE('',#3513,#859);
#616=LINE('',#3515,#860);
#617=LINE('',#3517,#861);
#618=LINE('',#3518,#862);
#619=LINE('',#3520,#863);
#620=LINE('',#3521,#864);
#621=LINE('',#3523,#865);
#622=LINE('',#3525,#866);
#623=LINE('',#3530,#867);
#624=LINE('',#3532,#868);
#625=LINE('',#3534,#869);
#626=LINE('',#3535,#870);
#627=LINE('',#3539,#871);
#628=LINE('',#3541,#872);
#629=LINE('',#3543,#873);
#630=LINE('',#3544,#874);
#631=LINE('',#3546,#875);
#632=LINE('',#3547,#876);
#633=LINE('',#3549,#877);
#634=LINE('',#3551,#878);
#635=LINE('',#3556,#879);
#636=LINE('',#3558,#880);
#637=LINE('',#3560,#881);
#638=LINE('',#3561,#882);
#639=LINE('',#3565,#883);
#640=LINE('',#3567,#884);
#641=LINE('',#3569,#885);
#642=LINE('',#3570,#886);
#643=LINE('',#3572,#887);
#644=LINE('',#3573,#888);
#645=LINE('',#3575,#889);
#646=LINE('',#3577,#890);
#647=LINE('',#3582,#891);
#648=LINE('',#3584,#892);
#649=LINE('',#3586,#893);
#650=LINE('',#3587,#894);
#651=LINE('',#3591,#895);
#652=LINE('',#3593,#896);
#653=LINE('',#3595,#897);
#654=LINE('',#3596,#898);
#655=LINE('',#3598,#899);
#656=LINE('',#3599,#900);
#657=LINE('',#3601,#901);
#658=LINE('',#3603,#902);
#659=LINE('',#3608,#903);
#660=LINE('',#3610,#904);
#661=LINE('',#3612,#905);
#662=LINE('',#3613,#906);
#663=LINE('',#3617,#907);
#664=LINE('',#3619,#908);
#665=LINE('',#3621,#909);
#666=LINE('',#3622,#910);
#667=LINE('',#3624,#911);
#668=LINE('',#3625,#912);
#669=LINE('',#3627,#913);
#670=LINE('',#3629,#914);
#671=LINE('',#3634,#915);
#672=LINE('',#3636,#916);
#673=LINE('',#3638,#917);
#674=LINE('',#3639,#918);
#675=LINE('',#3643,#919);
#676=LINE('',#3645,#920);
#677=LINE('',#3647,#921);
#678=LINE('',#3648,#922);
#679=LINE('',#3650,#923);
#680=LINE('',#3651,#924);
#681=LINE('',#3653,#925);
#682=LINE('',#3655,#926);
#683=LINE('',#3660,#927);
#684=LINE('',#3662,#928);
#685=LINE('',#3664,#929);
#686=LINE('',#3665,#930);
#687=LINE('',#3669,#931);
#688=LINE('',#3671,#932);
#689=LINE('',#3673,#933);
#690=LINE('',#3674,#934);
#691=LINE('',#3676,#935);
#692=LINE('',#3677,#936);
#693=LINE('',#3679,#937);
#694=LINE('',#3681,#938);
#695=VECTOR('',#2444,10.);
#696=VECTOR('',#2447,10.);
#697=VECTOR('',#2450,10.);
#698=VECTOR('',#2451,10.);
#699=VECTOR('',#2452,10.);
#700=VECTOR('',#2455,10.);
#701=VECTOR('',#2458,10.);
#702=VECTOR('',#2461,10.);
#703=VECTOR('',#2466,10.);
#704=VECTOR('',#2471,10.);
#705=VECTOR('',#2472,10.);
#706=VECTOR('',#2475,10.);
#707=VECTOR('',#2480,10.);
#708=VECTOR('',#2481,10.);
#709=VECTOR('',#2484,10.);
#710=VECTOR('',#2489,10.);
#711=VECTOR('',#2494,10.);
#712=VECTOR('',#2495,10.);
#713=VECTOR('',#2496,10.);
#714=VECTOR('',#2497,10.);
#715=VECTOR('',#2500,10.);
#716=VECTOR('',#2501,10.);
#717=VECTOR('',#2502,10.);
#718=VECTOR('',#2505,10.);
#719=VECTOR('',#2506,10.);
#720=VECTOR('',#2507,10.);
#721=VECTOR('',#2510,10.);
#722=VECTOR('',#2511,10.);
#723=VECTOR('',#2516,10.);
#724=VECTOR('',#2517,10.);
#725=VECTOR('',#2518,10.);
#726=VECTOR('',#2519,10.);
#727=VECTOR('',#2522,10.);
#728=VECTOR('',#2523,10.);
#729=VECTOR('',#2524,10.);
#730=VECTOR('',#2527,10.);
#731=VECTOR('',#2528,10.);
#732=VECTOR('',#2531,10.);
#733=VECTOR('',#2532,10.);
#734=VECTOR('',#2535,10.);
#735=VECTOR('',#2540,10.);
#736=VECTOR('',#2543,10.);
#737=VECTOR('',#2546,10.);
#738=VECTOR('',#2547,10.);
#739=VECTOR('',#2548,10.);
#740=VECTOR('',#2551,10.);
#741=VECTOR('',#2554,10.);
#742=VECTOR('',#2557,10.);
#743=VECTOR('',#2564,10.);
#744=VECTOR('',#2567,10.);
#745=VECTOR('',#2568,10.);
#746=VECTOR('',#2573,10.);
#747=VECTOR('',#2576,10.);
#748=VECTOR('',#2577,10.);
#749=VECTOR('',#2582,10.);
#750=VECTOR('',#2585,10.);
#751=VECTOR('',#2592,10.);
#752=VECTOR('',#2595,10.);
#753=VECTOR('',#2598,10.);
#754=VECTOR('',#2599,10.);
#755=VECTOR('',#2600,10.);
#756=VECTOR('',#2603,10.);
#757=VECTOR('',#2604,10.);
#758=VECTOR('',#2605,10.);
#759=VECTOR('',#2608,10.);
#760=VECTOR('',#2609,10.);
#761=VECTOR('',#2610,10.);
#762=VECTOR('',#2613,10.);
#763=VECTOR('',#2616,10.);
#764=VECTOR('',#2623,10.);
#765=VECTOR('',#2626,10.);
#766=VECTOR('',#2629,10.);
#767=VECTOR('',#2630,10.);
#768=VECTOR('',#2631,10.);
#769=VECTOR('',#2634,10.);
#770=VECTOR('',#2635,10.);
#771=VECTOR('',#2636,10.);
#772=VECTOR('',#2639,10.);
#773=VECTOR('',#2640,10.);
#774=VECTOR('',#2641,10.);
#775=VECTOR('',#2644,10.);
#776=VECTOR('',#2645,10.);
#777=VECTOR('',#2654,10.);
#778=VECTOR('',#2657,10.);
#779=VECTOR('',#2660,10.);
#780=VECTOR('',#2661,10.);
#781=VECTOR('',#2662,10.);
#782=VECTOR('',#2665,10.);
#783=VECTOR('',#2666,10.);
#784=VECTOR('',#2667,10.);
#785=VECTOR('',#2670,10.);
#786=VECTOR('',#2671,10.);
#787=VECTOR('',#2672,10.);
#788=VECTOR('',#2675,10.);
#789=VECTOR('',#2678,10.);
#790=VECTOR('',#2683,10.);
#791=VECTOR('',#2684,10.);
#792=VECTOR('',#2685,10.);
#793=VECTOR('',#2686,10.);
#794=VECTOR('',#2689,10.);
#795=VECTOR('',#2690,10.);
#796=VECTOR('',#2691,10.);
#797=VECTOR('',#2692,10.);
#798=VECTOR('',#2709,24.25);
#799=VECTOR('',#2714,17.25);
#800=VECTOR('',#2721,10.);
#801=VECTOR('',#2722,10.);
#802=VECTOR('',#2723,10.);
#803=VECTOR('',#2724,10.);
#804=VECTOR('',#2727,10.);
#805=VECTOR('',#2728,10.);
#806=VECTOR('',#2729,10.);
#807=VECTOR('',#2730,10.);
#808=VECTOR('',#2747,24.25);
#809=VECTOR('',#2752,17.25);
#810=VECTOR('',#2759,10.);
#811=VECTOR('',#2760,10.);
#812=VECTOR('',#2761,10.);
#813=VECTOR('',#2762,10.);
#814=VECTOR('',#2765,10.);
#815=VECTOR('',#2766,10.);
#816=VECTOR('',#2767,10.);
#817=VECTOR('',#2768,10.);
#818=VECTOR('',#2785,24.25);
#819=VECTOR('',#2790,17.25);
#820=VECTOR('',#2797,10.);
#821=VECTOR('',#2798,10.);
#822=VECTOR('',#2799,10.);
#823=VECTOR('',#2800,10.);
#824=VECTOR('',#2803,10.);
#825=VECTOR('',#2804,10.);
#826=VECTOR('',#2805,10.);
#827=VECTOR('',#2806,10.);
#828=VECTOR('',#2823,24.25);
#829=VECTOR('',#2828,17.25);
#830=VECTOR('',#2837,10.);
#831=VECTOR('',#2840,10.);
#832=VECTOR('',#2843,10.);
#833=VECTOR('',#2844,10.);
#834=VECTOR('',#2845,10.);
#835=VECTOR('',#2848,10.);
#836=VECTOR('',#2849,10.);
#837=VECTOR('',#2850,10.);
#838=VECTOR('',#2853,10.);
#839=VECTOR('',#2854,10.);
#840=VECTOR('',#2855,10.);
#841=VECTOR('',#2858,10.);
#842=VECTOR('',#2859,10.);
#843=VECTOR('',#2866,10.);
#844=VECTOR('',#2867,10.);
#845=VECTOR('',#2868,10.);
#846=VECTOR('',#2869,10.);
#847=VECTOR('',#2872,10.);
#848=VECTOR('',#2873,10.);
#849=VECTOR('',#2874,10.);
#850=VECTOR('',#2875,10.);
#851=VECTOR('',#2878,10.);
#852=VECTOR('',#2879,10.);
#853=VECTOR('',#2882,10.);
#854=VECTOR('',#2885,10.);
#855=VECTOR('',#2890,10.);
#856=VECTOR('',#2891,10.);
#857=VECTOR('',#2892,10.);
#858=VECTOR('',#2893,10.);
#859=VECTOR('',#2896,10.);
#860=VECTOR('',#2897,10.);
#861=VECTOR('',#2898,10.);
#862=VECTOR('',#2899,10.);
#863=VECTOR('',#2902,10.);
#864=VECTOR('',#2903,10.);
#865=VECTOR('',#2906,10.);
#866=VECTOR('',#2909,10.);
#867=VECTOR('',#2914,10.);
#868=VECTOR('',#2915,10.);
#869=VECTOR('',#2916,10.);
#870=VECTOR('',#2917,10.);
#871=VECTOR('',#2920,10.);
#872=VECTOR('',#2921,10.);
#873=VECTOR('',#2922,10.);
#874=VECTOR('',#2923,10.);
#875=VECTOR('',#2926,10.);
#876=VECTOR('',#2927,10.);
#877=VECTOR('',#2930,10.);
#878=VECTOR('',#2933,10.);
#879=VECTOR('',#2938,10.);
#880=VECTOR('',#2939,10.);
#881=VECTOR('',#2940,10.);
#882=VECTOR('',#2941,10.);
#883=VECTOR('',#2944,10.);
#884=VECTOR('',#2945,10.);
#885=VECTOR('',#2946,10.);
#886=VECTOR('',#2947,10.);
#887=VECTOR('',#2950,10.);
#888=VECTOR('',#2951,10.);
#889=VECTOR('',#2954,10.);
#890=VECTOR('',#2957,10.);
#891=VECTOR('',#2962,10.);
#892=VECTOR('',#2963,10.);
#893=VECTOR('',#2964,10.);
#894=VECTOR('',#2965,10.);
#895=VECTOR('',#2968,10.);
#896=VECTOR('',#2969,10.);
#897=VECTOR('',#2970,10.);
#898=VECTOR('',#2971,10.);
#899=VECTOR('',#2974,10.);
#900=VECTOR('',#2975,10.);
#901=VECTOR('',#2978,10.);
#902=VECTOR('',#2981,10.);
#903=VECTOR('',#2986,10.);
#904=VECTOR('',#2987,10.);
#905=VECTOR('',#2988,10.);
#906=VECTOR('',#2989,10.);
#907=VECTOR('',#2992,10.);
#908=VECTOR('',#2993,10.);
#909=VECTOR('',#2994,10.);
#910=VECTOR('',#2995,10.);
#911=VECTOR('',#2998,10.);
#912=VECTOR('',#2999,10.);
#913=VECTOR('',#3002,10.);
#914=VECTOR('',#3005,10.);
#915=VECTOR('',#3010,10.);
#916=VECTOR('',#3011,10.);
#917=VECTOR('',#3012,10.);
#918=VECTOR('',#3013,10.);
#919=VECTOR('',#3016,10.);
#920=VECTOR('',#3017,10.);
#921=VECTOR('',#3018,10.);
#922=VECTOR('',#3019,10.);
#923=VECTOR('',#3022,10.);
#924=VECTOR('',#3023,10.);
#925=VECTOR('',#3026,10.);
#926=VECTOR('',#3029,10.);
#927=VECTOR('',#3034,10.);
#928=VECTOR('',#3035,10.);
#929=VECTOR('',#3036,10.);
#930=VECTOR('',#3037,10.);
#931=VECTOR('',#3040,10.);
#932=VECTOR('',#3041,10.);
#933=VECTOR('',#3042,10.);
#934=VECTOR('',#3043,10.);
#935=VECTOR('',#3046,10.);
#936=VECTOR('',#3047,10.);
#937=VECTOR('',#3050,10.);
#938=VECTOR('',#3053,10.);
#939=CIRCLE('',#2253,1.);
#940=CIRCLE('',#2254,1.);
#941=CIRCLE('',#2257,1.);
#942=CIRCLE('',#2258,1.);
#943=CIRCLE('',#2259,1.);
#944=CIRCLE('',#2261,1.);
#945=CIRCLE('',#2264,1.);
#946=CIRCLE('',#2267,1.);
#947=CIRCLE('',#2281,1.);
#948=CIRCLE('',#2282,1.);
#949=CIRCLE('',#2285,1.);
#950=CIRCLE('',#2286,1.);
#951=CIRCLE('',#2287,1.);
#952=CIRCLE('',#2289,1.);
#953=CIRCLE('',#2292,1.);
#954=CIRCLE('',#2295,1.);
#955=CIRCLE('',#2328,24.25);
#956=CIRCLE('',#2329,17.25);
#957=CIRCLE('',#2330,17.25);
#958=CIRCLE('',#2332,24.25);
#959=CIRCLE('',#2333,17.25);
#960=CIRCLE('',#2335,24.25);
#961=CIRCLE('',#2337,17.25);
#962=CIRCLE('',#2342,24.25);
#963=CIRCLE('',#2343,17.25);
#964=CIRCLE('',#2344,17.25);
#965=CIRCLE('',#2346,24.25);
#966=CIRCLE('',#2347,17.25);
#967=CIRCLE('',#2349,24.25);
#968=CIRCLE('',#2351,17.25);
#969=CIRCLE('',#2356,24.25);
#970=CIRCLE('',#2357,17.25);
#971=CIRCLE('',#2358,17.25);
#972=CIRCLE('',#2360,24.25);
#973=CIRCLE('',#2361,17.25);
#974=CIRCLE('',#2363,24.25);
#975=CIRCLE('',#2365,17.25);
#976=CIRCLE('',#2370,24.25);
#977=CIRCLE('',#2371,17.25);
#978=CIRCLE('',#2372,17.25);
#979=CIRCLE('',#2374,24.25);
#980=CIRCLE('',#2375,17.25);
#981=CIRCLE('',#2377,24.25);
#982=CIRCLE('',#2379,17.25);
#983=VERTEX_POINT('',#3058);
#984=VERTEX_POINT('',#3059);
#985=VERTEX_POINT('',#3061);
#986=VERTEX_POINT('',#3063);
#987=VERTEX_POINT('',#3067);
#988=VERTEX_POINT('',#3069);
#989=VERTEX_POINT('',#3073);
#990=VERTEX_POINT('',#3075);
#991=VERTEX_POINT('',#3077);
#992=VERTEX_POINT('',#3079);
#993=VERTEX_POINT('',#3081);
#994=VERTEX_POINT('',#3085);
#995=VERTEX_POINT('',#3089);
#996=VERTEX_POINT('',#3093);
#997=VERTEX_POINT('',#3097);
#998=VERTEX_POINT('',#3101);
#999=VERTEX_POINT('',#3108);
#1000=VERTEX_POINT('',#3109);
#1001=VERTEX_POINT('',#3111);
#1002=VERTEX_POINT('',#3113);
#1003=VERTEX_POINT('',#3117);
#1004=VERTEX_POINT('',#3119);
#1005=VERTEX_POINT('',#3123);
#1006=VERTEX_POINT('',#3125);
#1007=VERTEX_POINT('',#3133);
#1008=VERTEX_POINT('',#3134);
#1009=VERTEX_POINT('',#3136);
#1010=VERTEX_POINT('',#3138);
#1011=VERTEX_POINT('',#3142);
#1012=VERTEX_POINT('',#3143);
#1013=VERTEX_POINT('',#3148);
#1014=VERTEX_POINT('',#3152);
#1015=VERTEX_POINT('',#3158);
#1016=VERTEX_POINT('',#3159);
#1017=VERTEX_POINT('',#3161);
#1018=VERTEX_POINT('',#3163);
#1019=VERTEX_POINT('',#3167);
#1020=VERTEX_POINT('',#3169);
#1021=VERTEX_POINT('',#3173);
#1022=VERTEX_POINT('',#3175);
#1023=VERTEX_POINT('',#3177);
#1024=VERTEX_POINT('',#3179);
#1025=VERTEX_POINT('',#3181);
#1026=VERTEX_POINT('',#3185);
#1027=VERTEX_POINT('',#3189);
#1028=VERTEX_POINT('',#3193);
#1029=VERTEX_POINT('',#3197);
#1030=VERTEX_POINT('',#3201);
#1031=VERTEX_POINT('',#3208);
#1032=VERTEX_POINT('',#3209);
#1033=VERTEX_POINT('',#3211);
#1034=VERTEX_POINT('',#3213);
#1035=VERTEX_POINT('',#3217);
#1036=VERTEX_POINT('',#3219);
#1037=VERTEX_POINT('',#3223);
#1038=VERTEX_POINT('',#3225);
#1039=VERTEX_POINT('',#3229);
#1040=VERTEX_POINT('',#3231);
#1041=VERTEX_POINT('',#3240);
#1042=VERTEX_POINT('',#3241);
#1043=VERTEX_POINT('',#3243);
#1044=VERTEX_POINT('',#3245);
#1045=VERTEX_POINT('',#3249);
#1046=VERTEX_POINT('',#3251);
#1047=VERTEX_POINT('',#3255);
#1048=VERTEX_POINT('',#3257);
#1049=VERTEX_POINT('',#3261);
#1050=VERTEX_POINT('',#3263);
#1051=VERTEX_POINT('',#3272);
#1052=VERTEX_POINT('',#3273);
#1053=VERTEX_POINT('',#3275);
#1054=VERTEX_POINT('',#3277);
#1055=VERTEX_POINT('',#3281);
#1056=VERTEX_POINT('',#3283);
#1057=VERTEX_POINT('',#3287);
#1058=VERTEX_POINT('',#3289);
#1059=VERTEX_POINT('',#3293);
#1060=VERTEX_POINT('',#3295);
#1061=VERTEX_POINT('',#3304);
#1062=VERTEX_POINT('',#3305);
#1063=VERTEX_POINT('',#3307);
#1064=VERTEX_POINT('',#3309);
#1065=VERTEX_POINT('',#3313);
#1066=VERTEX_POINT('',#3314);
#1067=VERTEX_POINT('',#3316);
#1068=VERTEX_POINT('',#3318);
#1069=VERTEX_POINT('',#3323);
#1070=VERTEX_POINT('',#3330);
#1071=VERTEX_POINT('',#3334);
#1072=VERTEX_POINT('',#3339);
#1073=VERTEX_POINT('',#3340);
#1074=VERTEX_POINT('',#3342);
#1075=VERTEX_POINT('',#3344);
#1076=VERTEX_POINT('',#3348);
#1077=VERTEX_POINT('',#3349);
#1078=VERTEX_POINT('',#3351);
#1079=VERTEX_POINT('',#3353);
#1080=VERTEX_POINT('',#3358);
#1081=VERTEX_POINT('',#3365);
#1082=VERTEX_POINT('',#3369);
#1083=VERTEX_POINT('',#3374);
#1084=VERTEX_POINT('',#3375);
#1085=VERTEX_POINT('',#3377);
#1086=VERTEX_POINT('',#3379);
#1087=VERTEX_POINT('',#3383);
#1088=VERTEX_POINT('',#3384);
#1089=VERTEX_POINT('',#3386);
#1090=VERTEX_POINT('',#3388);
#1091=VERTEX_POINT('',#3393);
#1092=VERTEX_POINT('',#3400);
#1093=VERTEX_POINT('',#3404);
#1094=VERTEX_POINT('',#3409);
#1095=VERTEX_POINT('',#3410);
#1096=VERTEX_POINT('',#3412);
#1097=VERTEX_POINT('',#3414);
#1098=VERTEX_POINT('',#3418);
#1099=VERTEX_POINT('',#3419);
#1100=VERTEX_POINT('',#3421);
#1101=VERTEX_POINT('',#3423);
#1102=VERTEX_POINT('',#3428);
#1103=VERTEX_POINT('',#3435);
#1104=VERTEX_POINT('',#3439);
#1105=VERTEX_POINT('',#3444);
#1106=VERTEX_POINT('',#3445);
#1107=VERTEX_POINT('',#3447);
#1108=VERTEX_POINT('',#3449);
#1109=VERTEX_POINT('',#3453);
#1110=VERTEX_POINT('',#3455);
#1111=VERTEX_POINT('',#3459);
#1112=VERTEX_POINT('',#3461);
#1113=VERTEX_POINT('',#3465);
#1114=VERTEX_POINT('',#3467);
#1115=VERTEX_POINT('',#3476);
#1116=VERTEX_POINT('',#3477);
#1117=VERTEX_POINT('',#3479);
#1118=VERTEX_POINT('',#3481);
#1119=VERTEX_POINT('',#3485);
#1120=VERTEX_POINT('',#3486);
#1121=VERTEX_POINT('',#3488);
#1122=VERTEX_POINT('',#3490);
#1123=VERTEX_POINT('',#3502);
#1124=VERTEX_POINT('',#3503);
#1125=VERTEX_POINT('',#3505);
#1126=VERTEX_POINT('',#3507);
#1127=VERTEX_POINT('',#3511);
#1128=VERTEX_POINT('',#3512);
#1129=VERTEX_POINT('',#3514);
#1130=VERTEX_POINT('',#3516);
#1131=VERTEX_POINT('',#3528);
#1132=VERTEX_POINT('',#3529);
#1133=VERTEX_POINT('',#3531);
#1134=VERTEX_POINT('',#3533);
#1135=VERTEX_POINT('',#3537);
#1136=VERTEX_POINT('',#3538);
#1137=VERTEX_POINT('',#3540);
#1138=VERTEX_POINT('',#3542);
#1139=VERTEX_POINT('',#3554);
#1140=VERTEX_POINT('',#3555);
#1141=VERTEX_POINT('',#3557);
#1142=VERTEX_POINT('',#3559);
#1143=VERTEX_POINT('',#3563);
#1144=VERTEX_POINT('',#3564);
#1145=VERTEX_POINT('',#3566);
#1146=VERTEX_POINT('',#3568);
#1147=VERTEX_POINT('',#3580);
#1148=VERTEX_POINT('',#3581);
#1149=VERTEX_POINT('',#3583);
#1150=VERTEX_POINT('',#3585);
#1151=VERTEX_POINT('',#3589);
#1152=VERTEX_POINT('',#3590);
#1153=VERTEX_POINT('',#3592);
#1154=VERTEX_POINT('',#3594);
#1155=VERTEX_POINT('',#3606);
#1156=VERTEX_POINT('',#3607);
#1157=VERTEX_POINT('',#3609);
#1158=VERTEX_POINT('',#3611);
#1159=VERTEX_POINT('',#3615);
#1160=VERTEX_POINT('',#3616);
#1161=VERTEX_POINT('',#3618);
#1162=VERTEX_POINT('',#3620);
#1163=VERTEX_POINT('',#3632);
#1164=VERTEX_POINT('',#3633);
#1165=VERTEX_POINT('',#3635);
#1166=VERTEX_POINT('',#3637);
#1167=VERTEX_POINT('',#3641);
#1168=VERTEX_POINT('',#3642);
#1169=VERTEX_POINT('',#3644);
#1170=VERTEX_POINT('',#3646);
#1171=VERTEX_POINT('',#3658);
#1172=VERTEX_POINT('',#3659);
#1173=VERTEX_POINT('',#3661);
#1174=VERTEX_POINT('',#3663);
#1175=VERTEX_POINT('',#3667);
#1176=VERTEX_POINT('',#3668);
#1177=VERTEX_POINT('',#3670);
#1178=VERTEX_POINT('',#3672);
#1179=EDGE_CURVE('',#983,#984,#939,.T.);
#1180=EDGE_CURVE('',#984,#985,#451,.T.);
#1181=EDGE_CURVE('',#985,#986,#940,.T.);
#1182=EDGE_CURVE('',#986,#983,#452,.T.);
#1183=EDGE_CURVE('',#987,#984,#453,.T.);
#1184=EDGE_CURVE('',#988,#987,#454,.T.);
#1185=EDGE_CURVE('',#985,#988,#455,.T.);
#1186=EDGE_CURVE('',#983,#989,#456,.T.);
#1187=EDGE_CURVE('',#990,#989,#941,.T.);
#1188=EDGE_CURVE('',#990,#991,#457,.T.);
#1189=EDGE_CURVE('',#992,#991,#942,.T.);
#1190=EDGE_CURVE('',#992,#993,#458,.T.);
#1191=EDGE_CURVE('',#987,#993,#943,.T.);
#1192=EDGE_CURVE('',#993,#994,#459,.T.);
#1193=EDGE_CURVE('',#994,#988,#944,.T.);
#1194=EDGE_CURVE('',#995,#992,#460,.T.);
#1195=EDGE_CURVE('',#994,#995,#461,.T.);
#1196=EDGE_CURVE('',#991,#996,#462,.T.);
#1197=EDGE_CURVE('',#996,#995,#945,.T.);
#1198=EDGE_CURVE('',#997,#990,#463,.T.);
#1199=EDGE_CURVE('',#996,#997,#464,.T.);
#1200=EDGE_CURVE('',#989,#998,#465,.T.);
#1201=EDGE_CURVE('',#998,#997,#946,.T.);
#1202=EDGE_CURVE('',#998,#986,#466,.T.);
#1203=EDGE_CURVE('',#999,#1000,#467,.T.);
#1204=EDGE_CURVE('',#999,#1001,#468,.T.);
#1205=EDGE_CURVE('',#1001,#1002,#469,.T.);
#1206=EDGE_CURVE('',#1000,#1002,#470,.T.);
#1207=EDGE_CURVE('',#1003,#999,#471,.T.);
#1208=EDGE_CURVE('',#1003,#1004,#472,.T.);
#1209=EDGE_CURVE('',#1004,#1001,#473,.T.);
#1210=EDGE_CURVE('',#1005,#1003,#474,.T.);
#1211=EDGE_CURVE('',#1005,#1006,#475,.T.);
#1212=EDGE_CURVE('',#1006,#1004,#476,.T.);
#1213=EDGE_CURVE('',#1000,#1005,#477,.T.);
#1214=EDGE_CURVE('',#1002,#1006,#478,.T.);
#1215=EDGE_CURVE('',#1007,#1008,#479,.T.);
#1216=EDGE_CURVE('',#1009,#1007,#480,.T.);
#1217=EDGE_CURVE('',#1010,#1009,#481,.T.);
#1218=EDGE_CURVE('',#1008,#1010,#482,.T.);
#1219=EDGE_CURVE('',#1011,#1012,#483,.T.);
#1220=EDGE_CURVE('',#1011,#1007,#484,.T.);
#1221=EDGE_CURVE('',#1012,#1008,#485,.T.);
#1222=EDGE_CURVE('',#1012,#1013,#486,.T.);
#1223=EDGE_CURVE('',#1013,#1010,#487,.T.);
#1224=EDGE_CURVE('',#1013,#1014,#488,.T.);
#1225=EDGE_CURVE('',#1014,#1009,#489,.T.);
#1226=EDGE_CURVE('',#1014,#1011,#490,.T.);
#1227=EDGE_CURVE('',#1015,#1016,#947,.T.);
#1228=EDGE_CURVE('',#1016,#1017,#491,.T.);
#1229=EDGE_CURVE('',#1017,#1018,#948,.T.);
#1230=EDGE_CURVE('',#1018,#1015,#492,.T.);
#1231=EDGE_CURVE('',#1018,#1019,#493,.T.);
#1232=EDGE_CURVE('',#1020,#1019,#494,.T.);
#1233=EDGE_CURVE('',#1015,#1020,#495,.T.);
#1234=EDGE_CURVE('',#1021,#1017,#496,.T.);
#1235=EDGE_CURVE('',#1022,#1021,#949,.T.);
#1236=EDGE_CURVE('',#1023,#1022,#497,.T.);
#1237=EDGE_CURVE('',#1024,#1023,#950,.T.);
#1238=EDGE_CURVE('',#1025,#1024,#498,.T.);
#1239=EDGE_CURVE('',#1019,#1025,#951,.T.);
#1240=EDGE_CURVE('',#1026,#1020,#952,.T.);
#1241=EDGE_CURVE('',#1025,#1026,#499,.T.);
#1242=EDGE_CURVE('',#1027,#1024,#500,.T.);
#1243=EDGE_CURVE('',#1026,#1027,#501,.T.);
#1244=EDGE_CURVE('',#1028,#1027,#953,.T.);
#1245=EDGE_CURVE('',#1023,#1028,#502,.T.);
#1246=EDGE_CURVE('',#1029,#1022,#503,.T.);
#1247=EDGE_CURVE('',#1028,#1029,#504,.T.);
#1248=EDGE_CURVE('',#1030,#1029,#954,.T.);
#1249=EDGE_CURVE('',#1021,#1030,#505,.T.);
#1250=EDGE_CURVE('',#1030,#1016,#506,.T.);
#1251=EDGE_CURVE('',#1031,#1032,#13,.T.);
#1252=EDGE_CURVE('',#1032,#1033,#507,.T.);
#1253=EDGE_CURVE('',#1033,#1034,#14,.T.);
#1254=EDGE_CURVE('',#1034,#1031,#508,.T.);
#1255=EDGE_CURVE('',#1034,#1035,#509,.T.);
#1256=EDGE_CURVE('',#1035,#1036,#510,.T.);
#1257=EDGE_CURVE('',#1031,#1036,#511,.T.);
#1258=EDGE_CURVE('',#1037,#1033,#512,.T.);
#1259=EDGE_CURVE('',#1038,#1037,#513,.T.);
#1260=EDGE_CURVE('',#1035,#1038,#514,.T.);
#1261=EDGE_CURVE('',#1036,#1039,#515,.T.);
#1262=EDGE_CURVE('',#1039,#1040,#516,.T.);
#1263=EDGE_CURVE('',#1040,#1032,#517,.T.);
#1264=EDGE_CURVE('',#1038,#1039,#518,.T.);
#1265=EDGE_CURVE('',#1037,#1040,#519,.T.);
#1266=EDGE_CURVE('',#1041,#1042,#15,.T.);
#1267=EDGE_CURVE('',#1042,#1043,#520,.T.);
#1268=EDGE_CURVE('',#1043,#1044,#16,.T.);
#1269=EDGE_CURVE('',#1044,#1041,#521,.T.);
#1270=EDGE_CURVE('',#1045,#1044,#522,.T.);
#1271=EDGE_CURVE('',#1045,#1046,#523,.T.);
#1272=EDGE_CURVE('',#1046,#1041,#524,.T.);
#1273=EDGE_CURVE('',#1043,#1047,#525,.T.);
#1274=EDGE_CURVE('',#1047,#1048,#526,.T.);
#1275=EDGE_CURVE('',#1048,#1045,#527,.T.);
#1276=EDGE_CURVE('',#1049,#1046,#528,.T.);
#1277=EDGE_CURVE('',#1050,#1049,#529,.T.);
#1278=EDGE_CURVE('',#1042,#1050,#530,.T.);
#1279=EDGE_CURVE('',#1047,#1050,#531,.T.);
#1280=EDGE_CURVE('',#1048,#1049,#532,.T.);
#1281=EDGE_CURVE('',#1051,#1052,#17,.T.);
#1282=EDGE_CURVE('',#1052,#1053,#533,.T.);
#1283=EDGE_CURVE('',#1053,#1054,#18,.T.);
#1284=EDGE_CURVE('',#1054,#1051,#534,.T.);
#1285=EDGE_CURVE('',#1054,#1055,#535,.T.);
#1286=EDGE_CURVE('',#1055,#1056,#536,.T.);
#1287=EDGE_CURVE('',#1051,#1056,#537,.T.);
#1288=EDGE_CURVE('',#1057,#1053,#538,.T.);
#1289=EDGE_CURVE('',#1058,#1057,#539,.T.);
#1290=EDGE_CURVE('',#1055,#1058,#540,.T.);
#1291=EDGE_CURVE('',#1056,#1059,#541,.T.);
#1292=EDGE_CURVE('',#1059,#1060,#542,.T.);
#1293=EDGE_CURVE('',#1060,#1052,#543,.T.);
#1294=EDGE_CURVE('',#1058,#1059,#544,.T.);
#1295=EDGE_CURVE('',#1057,#1060,#545,.T.);
#1296=EDGE_CURVE('',#1061,#1062,#546,.T.);
#1297=EDGE_CURVE('',#1063,#1061,#547,.T.);
#1298=EDGE_CURVE('',#1063,#1064,#548,.T.);
#1299=EDGE_CURVE('',#1062,#1064,#549,.T.);
#1300=EDGE_CURVE('',#1065,#1066,#550,.T.);
#1301=EDGE_CURVE('',#1067,#1065,#551,.T.);
#1302=EDGE_CURVE('',#1067,#1068,#552,.T.);
#1303=EDGE_CURVE('',#1066,#1068,#553,.T.);
#1304=EDGE_CURVE('',#1064,#1067,#955,.T.);
#1305=EDGE_CURVE('',#1069,#1063,#956,.T.);
#1306=EDGE_CURVE('',#1068,#1069,#957,.T.);
#1307=EDGE_CURVE('',#1062,#1065,#958,.T.);
#1308=EDGE_CURVE('',#1066,#1061,#959,.T.);
#1309=EDGE_CURVE('',#1064,#1070,#554,.T.);
#1310=EDGE_CURVE('',#1070,#1070,#960,.T.);
#1311=EDGE_CURVE('',#1069,#1071,#555,.T.);
#1312=EDGE_CURVE('',#1071,#1071,#961,.T.);
#1313=EDGE_CURVE('',#1072,#1073,#556,.T.);
#1314=EDGE_CURVE('',#1074,#1072,#557,.T.);
#1315=EDGE_CURVE('',#1074,#1075,#558,.T.);
#1316=EDGE_CURVE('',#1073,#1075,#559,.T.);
#1317=EDGE_CURVE('',#1076,#1077,#560,.T.);
#1318=EDGE_CURVE('',#1078,#1076,#561,.T.);
#1319=EDGE_CURVE('',#1078,#1079,#562,.T.);
#1320=EDGE_CURVE('',#1077,#1079,#563,.T.);
#1321=EDGE_CURVE('',#1075,#1078,#962,.T.);
#1322=EDGE_CURVE('',#1080,#1074,#963,.T.);
#1323=EDGE_CURVE('',#1079,#1080,#964,.T.);
#1324=EDGE_CURVE('',#1073,#1076,#965,.T.);
#1325=EDGE_CURVE('',#1077,#1072,#966,.T.);
#1326=EDGE_CURVE('',#1075,#1081,#564,.T.);
#1327=EDGE_CURVE('',#1081,#1081,#967,.T.);
#1328=EDGE_CURVE('',#1080,#1082,#565,.T.);
#1329=EDGE_CURVE('',#1082,#1082,#968,.T.);
#1330=EDGE_CURVE('',#1083,#1084,#566,.T.);
#1331=EDGE_CURVE('',#1085,#1083,#567,.T.);
#1332=EDGE_CURVE('',#1085,#1086,#568,.T.);
#1333=EDGE_CURVE('',#1084,#1086,#569,.T.);
#1334=EDGE_CURVE('',#1087,#1088,#570,.T.);
#1335=EDGE_CURVE('',#1089,#1087,#571,.T.);
#1336=EDGE_CURVE('',#1089,#1090,#572,.T.);
#1337=EDGE_CURVE('',#1088,#1090,#573,.T.);
#1338=EDGE_CURVE('',#1086,#1089,#969,.T.);
#1339=EDGE_CURVE('',#1091,#1085,#970,.T.);
#1340=EDGE_CURVE('',#1090,#1091,#971,.T.);
#1341=EDGE_CURVE('',#1084,#1087,#972,.T.);
#1342=EDGE_CURVE('',#1088,#1083,#973,.T.);
#1343=EDGE_CURVE('',#1086,#1092,#574,.T.);
#1344=EDGE_CURVE('',#1092,#1092,#974,.T.);
#1345=EDGE_CURVE('',#1091,#1093,#575,.T.);
#1346=EDGE_CURVE('',#1093,#1093,#975,.T.);
#1347=EDGE_CURVE('',#1094,#1095,#576,.T.);
#1348=EDGE_CURVE('',#1096,#1094,#577,.T.);
#1349=EDGE_CURVE('',#1096,#1097,#578,.T.);
#1350=EDGE_CURVE('',#1095,#1097,#579,.T.);
#1351=EDGE_CURVE('',#1098,#1099,#580,.T.);
#1352=EDGE_CURVE('',#1100,#1098,#581,.T.);
#1353=EDGE_CURVE('',#1100,#1101,#582,.T.);
#1354=EDGE_CURVE('',#1099,#1101,#583,.T.);
#1355=EDGE_CURVE('',#1097,#1100,#976,.T.);
#1356=EDGE_CURVE('',#1102,#1096,#977,.T.);
#1357=EDGE_CURVE('',#1101,#1102,#978,.T.);
#1358=EDGE_CURVE('',#1095,#1098,#979,.T.);
#1359=EDGE_CURVE('',#1099,#1094,#980,.T.);
#1360=EDGE_CURVE('',#1097,#1103,#584,.T.);
#1361=EDGE_CURVE('',#1103,#1103,#981,.T.);
#1362=EDGE_CURVE('',#1102,#1104,#585,.T.);
#1363=EDGE_CURVE('',#1104,#1104,#982,.T.);
#1364=EDGE_CURVE('',#1105,#1106,#19,.T.);
#1365=EDGE_CURVE('',#1106,#1107,#586,.T.);
#1366=EDGE_CURVE('',#1107,#1108,#20,.T.);
#1367=EDGE_CURVE('',#1108,#1105,#587,.T.);
#1368=EDGE_CURVE('',#1109,#1108,#588,.T.);
#1369=EDGE_CURVE('',#1109,#1110,#589,.T.);
#1370=EDGE_CURVE('',#1110,#1105,#590,.T.);
#1371=EDGE_CURVE('',#1107,#1111,#591,.T.);
#1372=EDGE_CURVE('',#1111,#1112,#592,.T.);
#1373=EDGE_CURVE('',#1112,#1109,#593,.T.);
#1374=EDGE_CURVE('',#1113,#1110,#594,.T.);
#1375=EDGE_CURVE('',#1114,#1113,#595,.T.);
#1376=EDGE_CURVE('',#1106,#1114,#596,.T.);
#1377=EDGE_CURVE('',#1111,#1114,#597,.T.);
#1378=EDGE_CURVE('',#1112,#1113,#598,.T.);
#1379=EDGE_CURVE('',#1115,#1116,#599,.T.);
#1380=EDGE_CURVE('',#1116,#1117,#600,.T.);
#1381=EDGE_CURVE('',#1117,#1118,#601,.T.);
#1382=EDGE_CURVE('',#1118,#1115,#602,.T.);
#1383=EDGE_CURVE('',#1119,#1120,#603,.T.);
#1384=EDGE_CURVE('',#1121,#1119,#604,.T.);
#1385=EDGE_CURVE('',#1122,#1121,#605,.T.);
#1386=EDGE_CURVE('',#1120,#1122,#606,.T.);
#1387=EDGE_CURVE('',#1120,#1116,#607,.T.);
#1388=EDGE_CURVE('',#1119,#1115,#608,.T.);
#1389=EDGE_CURVE('',#1122,#1117,#609,.T.);
#1390=EDGE_CURVE('',#1121,#1118,#610,.T.);
#1391=EDGE_CURVE('',#1123,#1124,#611,.T.);
#1392=EDGE_CURVE('',#1124,#1125,#612,.T.);
#1393=EDGE_CURVE('',#1125,#1126,#613,.T.);
#1394=EDGE_CURVE('',#1126,#1123,#614,.T.);
#1395=EDGE_CURVE('',#1127,#1128,#615,.T.);
#1396=EDGE_CURVE('',#1129,#1127,#616,.T.);
#1397=EDGE_CURVE('',#1130,#1129,#617,.T.);
#1398=EDGE_CURVE('',#1128,#1130,#618,.T.);
#1399=EDGE_CURVE('',#1128,#1124,#619,.T.);
#1400=EDGE_CURVE('',#1127,#1123,#620,.T.);
#1401=EDGE_CURVE('',#1130,#1125,#621,.T.);
#1402=EDGE_CURVE('',#1129,#1126,#622,.T.);
#1403=EDGE_CURVE('',#1131,#1132,#623,.T.);
#1404=EDGE_CURVE('',#1132,#1133,#624,.T.);
#1405=EDGE_CURVE('',#1133,#1134,#625,.T.);
#1406=EDGE_CURVE('',#1134,#1131,#626,.T.);
#1407=EDGE_CURVE('',#1135,#1136,#627,.T.);
#1408=EDGE_CURVE('',#1137,#1135,#628,.T.);
#1409=EDGE_CURVE('',#1138,#1137,#629,.T.);
#1410=EDGE_CURVE('',#1136,#1138,#630,.T.);
#1411=EDGE_CURVE('',#1136,#1132,#631,.T.);
#1412=EDGE_CURVE('',#1135,#1131,#632,.T.);
#1413=EDGE_CURVE('',#1138,#1133,#633,.T.);
#1414=EDGE_CURVE('',#1137,#1134,#634,.T.);
#1415=EDGE_CURVE('',#1139,#1140,#635,.T.);
#1416=EDGE_CURVE('',#1140,#1141,#636,.T.);
#1417=EDGE_CURVE('',#1141,#1142,#637,.T.);
#1418=EDGE_CURVE('',#1142,#1139,#638,.T.);
#1419=EDGE_CURVE('',#1143,#1144,#639,.T.);
#1420=EDGE_CURVE('',#1145,#1143,#640,.T.);
#1421=EDGE_CURVE('',#1146,#1145,#641,.T.);
#1422=EDGE_CURVE('',#1144,#1146,#642,.T.);
#1423=EDGE_CURVE('',#1144,#1140,#643,.T.);
#1424=EDGE_CURVE('',#1143,#1139,#644,.T.);
#1425=EDGE_CURVE('',#1146,#1141,#645,.T.);
#1426=EDGE_CURVE('',#1145,#1142,#646,.T.);
#1427=EDGE_CURVE('',#1147,#1148,#647,.T.);
#1428=EDGE_CURVE('',#1148,#1149,#648,.T.);
#1429=EDGE_CURVE('',#1149,#1150,#649,.T.);
#1430=EDGE_CURVE('',#1150,#1147,#650,.T.);
#1431=EDGE_CURVE('',#1151,#1152,#651,.T.);
#1432=EDGE_CURVE('',#1153,#1151,#652,.T.);
#1433=EDGE_CURVE('',#1154,#1153,#653,.T.);
#1434=EDGE_CURVE('',#1152,#1154,#654,.T.);
#1435=EDGE_CURVE('',#1152,#1148,#655,.T.);
#1436=EDGE_CURVE('',#1151,#1147,#656,.T.);
#1437=EDGE_CURVE('',#1154,#1149,#657,.T.);
#1438=EDGE_CURVE('',#1153,#1150,#658,.T.);
#1439=EDGE_CURVE('',#1155,#1156,#659,.T.);
#1440=EDGE_CURVE('',#1156,#1157,#660,.T.);
#1441=EDGE_CURVE('',#1157,#1158,#661,.T.);
#1442=EDGE_CURVE('',#1158,#1155,#662,.T.);
#1443=EDGE_CURVE('',#1159,#1160,#663,.T.);
#1444=EDGE_CURVE('',#1161,#1159,#664,.T.);
#1445=EDGE_CURVE('',#1162,#1161,#665,.T.);
#1446=EDGE_CURVE('',#1160,#1162,#666,.T.);
#1447=EDGE_CURVE('',#1160,#1156,#667,.T.);
#1448=EDGE_CURVE('',#1159,#1155,#668,.T.);
#1449=EDGE_CURVE('',#1162,#1157,#669,.T.);
#1450=EDGE_CURVE('',#1161,#1158,#670,.T.);
#1451=EDGE_CURVE('',#1163,#1164,#671,.T.);
#1452=EDGE_CURVE('',#1164,#1165,#672,.T.);
#1453=EDGE_CURVE('',#1165,#1166,#673,.T.);
#1454=EDGE_CURVE('',#1166,#1163,#674,.T.);
#1455=EDGE_CURVE('',#1167,#1168,#675,.T.);
#1456=EDGE_CURVE('',#1169,#1167,#676,.T.);
#1457=EDGE_CURVE('',#1170,#1169,#677,.T.);
#1458=EDGE_CURVE('',#1168,#1170,#678,.T.);
#1459=EDGE_CURVE('',#1168,#1164,#679,.T.);
#1460=EDGE_CURVE('',#1167,#1163,#680,.T.);
#1461=EDGE_CURVE('',#1170,#1165,#681,.T.);
#1462=EDGE_CURVE('',#1169,#1166,#682,.T.);
#1463=EDGE_CURVE('',#1171,#1172,#683,.T.);
#1464=EDGE_CURVE('',#1172,#1173,#684,.T.);
#1465=EDGE_CURVE('',#1173,#1174,#685,.T.);
#1466=EDGE_CURVE('',#1174,#1171,#686,.T.);
#1467=EDGE_CURVE('',#1175,#1176,#687,.T.);
#1468=EDGE_CURVE('',#1177,#1175,#688,.T.);
#1469=EDGE_CURVE('',#1178,#1177,#689,.T.);
#1470=EDGE_CURVE('',#1176,#1178,#690,.T.);
#1471=EDGE_CURVE('',#1176,#1172,#691,.T.);
#1472=EDGE_CURVE('',#1175,#1171,#692,.T.);
#1473=EDGE_CURVE('',#1178,#1173,#693,.T.);
#1474=EDGE_CURVE('',#1177,#1174,#694,.T.);
#1475=ORIENTED_EDGE('',*,*,#1179,.T.);
#1476=ORIENTED_EDGE('',*,*,#1180,.T.);
#1477=ORIENTED_EDGE('',*,*,#1181,.T.);
#1478=ORIENTED_EDGE('',*,*,#1182,.T.);
#1479=ORIENTED_EDGE('',*,*,#1180,.F.);
#1480=ORIENTED_EDGE('',*,*,#1183,.F.);
#1481=ORIENTED_EDGE('',*,*,#1184,.F.);
#1482=ORIENTED_EDGE('',*,*,#1185,.F.);
#1483=ORIENTED_EDGE('',*,*,#1179,.F.);
#1484=ORIENTED_EDGE('',*,*,#1186,.T.);
#1485=ORIENTED_EDGE('',*,*,#1187,.F.);
#1486=ORIENTED_EDGE('',*,*,#1188,.T.);
#1487=ORIENTED_EDGE('',*,*,#1189,.F.);
#1488=ORIENTED_EDGE('',*,*,#1190,.T.);
#1489=ORIENTED_EDGE('',*,*,#1191,.F.);
#1490=ORIENTED_EDGE('',*,*,#1183,.T.);
#1491=ORIENTED_EDGE('',*,*,#1191,.T.);
#1492=ORIENTED_EDGE('',*,*,#1192,.T.);
#1493=ORIENTED_EDGE('',*,*,#1193,.T.);
#1494=ORIENTED_EDGE('',*,*,#1184,.T.);
#1495=ORIENTED_EDGE('',*,*,#1192,.F.);
#1496=ORIENTED_EDGE('',*,*,#1190,.F.);
#1497=ORIENTED_EDGE('',*,*,#1194,.F.);
#1498=ORIENTED_EDGE('',*,*,#1195,.F.);
#1499=ORIENTED_EDGE('',*,*,#1189,.T.);
#1500=ORIENTED_EDGE('',*,*,#1196,.T.);
#1501=ORIENTED_EDGE('',*,*,#1197,.T.);
#1502=ORIENTED_EDGE('',*,*,#1194,.T.);
#1503=ORIENTED_EDGE('',*,*,#1196,.F.);
#1504=ORIENTED_EDGE('',*,*,#1188,.F.);
#1505=ORIENTED_EDGE('',*,*,#1198,.F.);
#1506=ORIENTED_EDGE('',*,*,#1199,.F.);
#1507=ORIENTED_EDGE('',*,*,#1187,.T.);
#1508=ORIENTED_EDGE('',*,*,#1200,.T.);
#1509=ORIENTED_EDGE('',*,*,#1201,.T.);
#1510=ORIENTED_EDGE('',*,*,#1198,.T.);
#1511=ORIENTED_EDGE('',*,*,#1182,.F.);
#1512=ORIENTED_EDGE('',*,*,#1202,.F.);
#1513=ORIENTED_EDGE('',*,*,#1200,.F.);
#1514=ORIENTED_EDGE('',*,*,#1186,.F.);
#1515=ORIENTED_EDGE('',*,*,#1181,.F.);
#1516=ORIENTED_EDGE('',*,*,#1185,.T.);
#1517=ORIENTED_EDGE('',*,*,#1193,.F.);
#1518=ORIENTED_EDGE('',*,*,#1195,.T.);
#1519=ORIENTED_EDGE('',*,*,#1197,.F.);
#1520=ORIENTED_EDGE('',*,*,#1199,.T.);
#1521=ORIENTED_EDGE('',*,*,#1201,.F.);
#1522=ORIENTED_EDGE('',*,*,#1202,.T.);
#1523=ORIENTED_EDGE('',*,*,#1203,.F.);
#1524=ORIENTED_EDGE('',*,*,#1204,.T.);
#1525=ORIENTED_EDGE('',*,*,#1205,.T.);
#1526=ORIENTED_EDGE('',*,*,#1206,.F.);
#1527=ORIENTED_EDGE('',*,*,#1207,.F.);
#1528=ORIENTED_EDGE('',*,*,#1208,.T.);
#1529=ORIENTED_EDGE('',*,*,#1209,.T.);
#1530=ORIENTED_EDGE('',*,*,#1204,.F.);
#1531=ORIENTED_EDGE('',*,*,#1210,.F.);
#1532=ORIENTED_EDGE('',*,*,#1211,.T.);
#1533=ORIENTED_EDGE('',*,*,#1212,.T.);
#1534=ORIENTED_EDGE('',*,*,#1208,.F.);
#1535=ORIENTED_EDGE('',*,*,#1213,.F.);
#1536=ORIENTED_EDGE('',*,*,#1206,.T.);
#1537=ORIENTED_EDGE('',*,*,#1214,.T.);
#1538=ORIENTED_EDGE('',*,*,#1211,.F.);
#1539=ORIENTED_EDGE('',*,*,#1214,.F.);
#1540=ORIENTED_EDGE('',*,*,#1205,.F.);
#1541=ORIENTED_EDGE('',*,*,#1209,.F.);
#1542=ORIENTED_EDGE('',*,*,#1212,.F.);
#1543=ORIENTED_EDGE('',*,*,#1215,.F.);
#1544=ORIENTED_EDGE('',*,*,#1216,.F.);
#1545=ORIENTED_EDGE('',*,*,#1217,.F.);
#1546=ORIENTED_EDGE('',*,*,#1218,.F.);
#1547=ORIENTED_EDGE('',*,*,#1219,.F.);
#1548=ORIENTED_EDGE('',*,*,#1220,.T.);
#1549=ORIENTED_EDGE('',*,*,#1215,.T.);
#1550=ORIENTED_EDGE('',*,*,#1221,.F.);
#1551=ORIENTED_EDGE('',*,*,#1222,.F.);
#1552=ORIENTED_EDGE('',*,*,#1221,.T.);
#1553=ORIENTED_EDGE('',*,*,#1218,.T.);
#1554=ORIENTED_EDGE('',*,*,#1223,.F.);
#1555=ORIENTED_EDGE('',*,*,#1224,.F.);
#1556=ORIENTED_EDGE('',*,*,#1223,.T.);
#1557=ORIENTED_EDGE('',*,*,#1217,.T.);
#1558=ORIENTED_EDGE('',*,*,#1225,.F.);
#1559=ORIENTED_EDGE('',*,*,#1226,.F.);
#1560=ORIENTED_EDGE('',*,*,#1225,.T.);
#1561=ORIENTED_EDGE('',*,*,#1216,.T.);
#1562=ORIENTED_EDGE('',*,*,#1220,.F.);
#1563=ORIENTED_EDGE('',*,*,#1227,.T.);
#1564=ORIENTED_EDGE('',*,*,#1228,.T.);
#1565=ORIENTED_EDGE('',*,*,#1229,.T.);
#1566=ORIENTED_EDGE('',*,*,#1230,.T.);
#1567=ORIENTED_EDGE('',*,*,#1230,.F.);
#1568=ORIENTED_EDGE('',*,*,#1231,.T.);
#1569=ORIENTED_EDGE('',*,*,#1232,.F.);
#1570=ORIENTED_EDGE('',*,*,#1233,.F.);
#1571=ORIENTED_EDGE('',*,*,#1229,.F.);
#1572=ORIENTED_EDGE('',*,*,#1234,.F.);
#1573=ORIENTED_EDGE('',*,*,#1235,.F.);
#1574=ORIENTED_EDGE('',*,*,#1236,.F.);
#1575=ORIENTED_EDGE('',*,*,#1237,.F.);
#1576=ORIENTED_EDGE('',*,*,#1238,.F.);
#1577=ORIENTED_EDGE('',*,*,#1239,.F.);
#1578=ORIENTED_EDGE('',*,*,#1231,.F.);
#1579=ORIENTED_EDGE('',*,*,#1203,.T.);
#1580=ORIENTED_EDGE('',*,*,#1213,.T.);
#1581=ORIENTED_EDGE('',*,*,#1210,.T.);
#1582=ORIENTED_EDGE('',*,*,#1207,.T.);
#1583=ORIENTED_EDGE('',*,*,#1240,.T.);
#1584=ORIENTED_EDGE('',*,*,#1232,.T.);
#1585=ORIENTED_EDGE('',*,*,#1239,.T.);
#1586=ORIENTED_EDGE('',*,*,#1241,.T.);
#1587=ORIENTED_EDGE('',*,*,#1241,.F.);
#1588=ORIENTED_EDGE('',*,*,#1238,.T.);
#1589=ORIENTED_EDGE('',*,*,#1242,.F.);
#1590=ORIENTED_EDGE('',*,*,#1243,.F.);
#1591=ORIENTED_EDGE('',*,*,#1244,.T.);
#1592=ORIENTED_EDGE('',*,*,#1242,.T.);
#1593=ORIENTED_EDGE('',*,*,#1237,.T.);
#1594=ORIENTED_EDGE('',*,*,#1245,.T.);
#1595=ORIENTED_EDGE('',*,*,#1245,.F.);
#1596=ORIENTED_EDGE('',*,*,#1236,.T.);
#1597=ORIENTED_EDGE('',*,*,#1246,.F.);
#1598=ORIENTED_EDGE('',*,*,#1247,.F.);
#1599=ORIENTED_EDGE('',*,*,#1248,.T.);
#1600=ORIENTED_EDGE('',*,*,#1246,.T.);
#1601=ORIENTED_EDGE('',*,*,#1235,.T.);
#1602=ORIENTED_EDGE('',*,*,#1249,.T.);
#1603=ORIENTED_EDGE('',*,*,#1228,.F.);
#1604=ORIENTED_EDGE('',*,*,#1250,.F.);
#1605=ORIENTED_EDGE('',*,*,#1249,.F.);
#1606=ORIENTED_EDGE('',*,*,#1234,.T.);
#1607=ORIENTED_EDGE('',*,*,#1227,.F.);
#1608=ORIENTED_EDGE('',*,*,#1233,.T.);
#1609=ORIENTED_EDGE('',*,*,#1240,.F.);
#1610=ORIENTED_EDGE('',*,*,#1243,.T.);
#1611=ORIENTED_EDGE('',*,*,#1244,.F.);
#1612=ORIENTED_EDGE('',*,*,#1247,.T.);
#1613=ORIENTED_EDGE('',*,*,#1248,.F.);
#1614=ORIENTED_EDGE('',*,*,#1250,.T.);
#1615=ORIENTED_EDGE('',*,*,#1219,.T.);
#1616=ORIENTED_EDGE('',*,*,#1222,.T.);
#1617=ORIENTED_EDGE('',*,*,#1224,.T.);
#1618=ORIENTED_EDGE('',*,*,#1226,.T.);
#1619=ORIENTED_EDGE('',*,*,#1251,.T.);
#1620=ORIENTED_EDGE('',*,*,#1252,.T.);
#1621=ORIENTED_EDGE('',*,*,#1253,.T.);
#1622=ORIENTED_EDGE('',*,*,#1254,.T.);
#1623=ORIENTED_EDGE('',*,*,#1254,.F.);
#1624=ORIENTED_EDGE('',*,*,#1255,.T.);
#1625=ORIENTED_EDGE('',*,*,#1256,.T.);
#1626=ORIENTED_EDGE('',*,*,#1257,.F.);
#1627=ORIENTED_EDGE('',*,*,#1253,.F.);
#1628=ORIENTED_EDGE('',*,*,#1258,.F.);
#1629=ORIENTED_EDGE('',*,*,#1259,.F.);
#1630=ORIENTED_EDGE('',*,*,#1260,.F.);
#1631=ORIENTED_EDGE('',*,*,#1255,.F.);
#1632=ORIENTED_EDGE('',*,*,#1251,.F.);
#1633=ORIENTED_EDGE('',*,*,#1257,.T.);
#1634=ORIENTED_EDGE('',*,*,#1261,.T.);
#1635=ORIENTED_EDGE('',*,*,#1262,.T.);
#1636=ORIENTED_EDGE('',*,*,#1263,.T.);
#1637=ORIENTED_EDGE('',*,*,#1260,.T.);
#1638=ORIENTED_EDGE('',*,*,#1264,.T.);
#1639=ORIENTED_EDGE('',*,*,#1261,.F.);
#1640=ORIENTED_EDGE('',*,*,#1256,.F.);
#1641=ORIENTED_EDGE('',*,*,#1259,.T.);
#1642=ORIENTED_EDGE('',*,*,#1265,.T.);
#1643=ORIENTED_EDGE('',*,*,#1262,.F.);
#1644=ORIENTED_EDGE('',*,*,#1264,.F.);
#1645=ORIENTED_EDGE('',*,*,#1252,.F.);
#1646=ORIENTED_EDGE('',*,*,#1263,.F.);
#1647=ORIENTED_EDGE('',*,*,#1265,.F.);
#1648=ORIENTED_EDGE('',*,*,#1258,.T.);
#1649=ORIENTED_EDGE('',*,*,#1266,.T.);
#1650=ORIENTED_EDGE('',*,*,#1267,.T.);
#1651=ORIENTED_EDGE('',*,*,#1268,.T.);
#1652=ORIENTED_EDGE('',*,*,#1269,.T.);
#1653=ORIENTED_EDGE('',*,*,#1269,.F.);
#1654=ORIENTED_EDGE('',*,*,#1270,.F.);
#1655=ORIENTED_EDGE('',*,*,#1271,.T.);
#1656=ORIENTED_EDGE('',*,*,#1272,.T.);
#1657=ORIENTED_EDGE('',*,*,#1268,.F.);
#1658=ORIENTED_EDGE('',*,*,#1273,.T.);
#1659=ORIENTED_EDGE('',*,*,#1274,.T.);
#1660=ORIENTED_EDGE('',*,*,#1275,.T.);
#1661=ORIENTED_EDGE('',*,*,#1270,.T.);
#1662=ORIENTED_EDGE('',*,*,#1266,.F.);
#1663=ORIENTED_EDGE('',*,*,#1272,.F.);
#1664=ORIENTED_EDGE('',*,*,#1276,.F.);
#1665=ORIENTED_EDGE('',*,*,#1277,.F.);
#1666=ORIENTED_EDGE('',*,*,#1278,.F.);
#1667=ORIENTED_EDGE('',*,*,#1274,.F.);
#1668=ORIENTED_EDGE('',*,*,#1279,.T.);
#1669=ORIENTED_EDGE('',*,*,#1277,.T.);
#1670=ORIENTED_EDGE('',*,*,#1280,.F.);
#1671=ORIENTED_EDGE('',*,*,#1275,.F.);
#1672=ORIENTED_EDGE('',*,*,#1280,.T.);
#1673=ORIENTED_EDGE('',*,*,#1276,.T.);
#1674=ORIENTED_EDGE('',*,*,#1271,.F.);
#1675=ORIENTED_EDGE('',*,*,#1267,.F.);
#1676=ORIENTED_EDGE('',*,*,#1278,.T.);
#1677=ORIENTED_EDGE('',*,*,#1279,.F.);
#1678=ORIENTED_EDGE('',*,*,#1273,.F.);
#1679=ORIENTED_EDGE('',*,*,#1281,.T.);
#1680=ORIENTED_EDGE('',*,*,#1282,.T.);
#1681=ORIENTED_EDGE('',*,*,#1283,.T.);
#1682=ORIENTED_EDGE('',*,*,#1284,.T.);
#1683=ORIENTED_EDGE('',*,*,#1284,.F.);
#1684=ORIENTED_EDGE('',*,*,#1285,.T.);
#1685=ORIENTED_EDGE('',*,*,#1286,.T.);
#1686=ORIENTED_EDGE('',*,*,#1287,.F.);
#1687=ORIENTED_EDGE('',*,*,#1283,.F.);
#1688=ORIENTED_EDGE('',*,*,#1288,.F.);
#1689=ORIENTED_EDGE('',*,*,#1289,.F.);
#1690=ORIENTED_EDGE('',*,*,#1290,.F.);
#1691=ORIENTED_EDGE('',*,*,#1285,.F.);
#1692=ORIENTED_EDGE('',*,*,#1281,.F.);
#1693=ORIENTED_EDGE('',*,*,#1287,.T.);
#1694=ORIENTED_EDGE('',*,*,#1291,.T.);
#1695=ORIENTED_EDGE('',*,*,#1292,.T.);
#1696=ORIENTED_EDGE('',*,*,#1293,.T.);
#1697=ORIENTED_EDGE('',*,*,#1290,.T.);
#1698=ORIENTED_EDGE('',*,*,#1294,.T.);
#1699=ORIENTED_EDGE('',*,*,#1291,.F.);
#1700=ORIENTED_EDGE('',*,*,#1286,.F.);
#1701=ORIENTED_EDGE('',*,*,#1289,.T.);
#1702=ORIENTED_EDGE('',*,*,#1295,.T.);
#1703=ORIENTED_EDGE('',*,*,#1292,.F.);
#1704=ORIENTED_EDGE('',*,*,#1294,.F.);
#1705=ORIENTED_EDGE('',*,*,#1282,.F.);
#1706=ORIENTED_EDGE('',*,*,#1293,.F.);
#1707=ORIENTED_EDGE('',*,*,#1295,.F.);
#1708=ORIENTED_EDGE('',*,*,#1288,.T.);
#1709=ORIENTED_EDGE('',*,*,#1296,.F.);
#1710=ORIENTED_EDGE('',*,*,#1297,.F.);
#1711=ORIENTED_EDGE('',*,*,#1298,.T.);
#1712=ORIENTED_EDGE('',*,*,#1299,.F.);
#1713=ORIENTED_EDGE('',*,*,#1300,.F.);
#1714=ORIENTED_EDGE('',*,*,#1301,.F.);
#1715=ORIENTED_EDGE('',*,*,#1302,.T.);
#1716=ORIENTED_EDGE('',*,*,#1303,.F.);
#1717=ORIENTED_EDGE('',*,*,#1304,.F.);
#1718=ORIENTED_EDGE('',*,*,#1298,.F.);
#1719=ORIENTED_EDGE('',*,*,#1305,.F.);
#1720=ORIENTED_EDGE('',*,*,#1306,.F.);
#1721=ORIENTED_EDGE('',*,*,#1302,.F.);
#1722=ORIENTED_EDGE('',*,*,#1296,.T.);
#1723=ORIENTED_EDGE('',*,*,#1307,.T.);
#1724=ORIENTED_EDGE('',*,*,#1300,.T.);
#1725=ORIENTED_EDGE('',*,*,#1308,.T.);
#1726=ORIENTED_EDGE('',*,*,#1299,.T.);
#1727=ORIENTED_EDGE('',*,*,#1309,.T.);
#1728=ORIENTED_EDGE('',*,*,#1310,.F.);
#1729=ORIENTED_EDGE('',*,*,#1309,.F.);
#1730=ORIENTED_EDGE('',*,*,#1304,.T.);
#1731=ORIENTED_EDGE('',*,*,#1301,.T.);
#1732=ORIENTED_EDGE('',*,*,#1307,.F.);
#1733=ORIENTED_EDGE('',*,*,#1297,.T.);
#1734=ORIENTED_EDGE('',*,*,#1308,.F.);
#1735=ORIENTED_EDGE('',*,*,#1303,.T.);
#1736=ORIENTED_EDGE('',*,*,#1306,.T.);
#1737=ORIENTED_EDGE('',*,*,#1311,.T.);
#1738=ORIENTED_EDGE('',*,*,#1312,.F.);
#1739=ORIENTED_EDGE('',*,*,#1311,.F.);
#1740=ORIENTED_EDGE('',*,*,#1305,.T.);
#1741=ORIENTED_EDGE('',*,*,#1310,.T.);
#1742=ORIENTED_EDGE('',*,*,#1312,.T.);
#1743=ORIENTED_EDGE('',*,*,#1313,.F.);
#1744=ORIENTED_EDGE('',*,*,#1314,.F.);
#1745=ORIENTED_EDGE('',*,*,#1315,.T.);
#1746=ORIENTED_EDGE('',*,*,#1316,.F.);
#1747=ORIENTED_EDGE('',*,*,#1317,.F.);
#1748=ORIENTED_EDGE('',*,*,#1318,.F.);
#1749=ORIENTED_EDGE('',*,*,#1319,.T.);
#1750=ORIENTED_EDGE('',*,*,#1320,.F.);
#1751=ORIENTED_EDGE('',*,*,#1321,.F.);
#1752=ORIENTED_EDGE('',*,*,#1315,.F.);
#1753=ORIENTED_EDGE('',*,*,#1322,.F.);
#1754=ORIENTED_EDGE('',*,*,#1323,.F.);
#1755=ORIENTED_EDGE('',*,*,#1319,.F.);
#1756=ORIENTED_EDGE('',*,*,#1313,.T.);
#1757=ORIENTED_EDGE('',*,*,#1324,.T.);
#1758=ORIENTED_EDGE('',*,*,#1317,.T.);
#1759=ORIENTED_EDGE('',*,*,#1325,.T.);
#1760=ORIENTED_EDGE('',*,*,#1316,.T.);
#1761=ORIENTED_EDGE('',*,*,#1326,.T.);
#1762=ORIENTED_EDGE('',*,*,#1327,.F.);
#1763=ORIENTED_EDGE('',*,*,#1326,.F.);
#1764=ORIENTED_EDGE('',*,*,#1321,.T.);
#1765=ORIENTED_EDGE('',*,*,#1318,.T.);
#1766=ORIENTED_EDGE('',*,*,#1324,.F.);
#1767=ORIENTED_EDGE('',*,*,#1314,.T.);
#1768=ORIENTED_EDGE('',*,*,#1325,.F.);
#1769=ORIENTED_EDGE('',*,*,#1320,.T.);
#1770=ORIENTED_EDGE('',*,*,#1323,.T.);
#1771=ORIENTED_EDGE('',*,*,#1328,.T.);
#1772=ORIENTED_EDGE('',*,*,#1329,.F.);
#1773=ORIENTED_EDGE('',*,*,#1328,.F.);
#1774=ORIENTED_EDGE('',*,*,#1322,.T.);
#1775=ORIENTED_EDGE('',*,*,#1327,.T.);
#1776=ORIENTED_EDGE('',*,*,#1329,.T.);
#1777=ORIENTED_EDGE('',*,*,#1330,.F.);
#1778=ORIENTED_EDGE('',*,*,#1331,.F.);
#1779=ORIENTED_EDGE('',*,*,#1332,.T.);
#1780=ORIENTED_EDGE('',*,*,#1333,.F.);
#1781=ORIENTED_EDGE('',*,*,#1334,.F.);
#1782=ORIENTED_EDGE('',*,*,#1335,.F.);
#1783=ORIENTED_EDGE('',*,*,#1336,.T.);
#1784=ORIENTED_EDGE('',*,*,#1337,.F.);
#1785=ORIENTED_EDGE('',*,*,#1338,.F.);
#1786=ORIENTED_EDGE('',*,*,#1332,.F.);
#1787=ORIENTED_EDGE('',*,*,#1339,.F.);
#1788=ORIENTED_EDGE('',*,*,#1340,.F.);
#1789=ORIENTED_EDGE('',*,*,#1336,.F.);
#1790=ORIENTED_EDGE('',*,*,#1330,.T.);
#1791=ORIENTED_EDGE('',*,*,#1341,.T.);
#1792=ORIENTED_EDGE('',*,*,#1334,.T.);
#1793=ORIENTED_EDGE('',*,*,#1342,.T.);
#1794=ORIENTED_EDGE('',*,*,#1333,.T.);
#1795=ORIENTED_EDGE('',*,*,#1343,.T.);
#1796=ORIENTED_EDGE('',*,*,#1344,.F.);
#1797=ORIENTED_EDGE('',*,*,#1343,.F.);
#1798=ORIENTED_EDGE('',*,*,#1338,.T.);
#1799=ORIENTED_EDGE('',*,*,#1335,.T.);
#1800=ORIENTED_EDGE('',*,*,#1341,.F.);
#1801=ORIENTED_EDGE('',*,*,#1331,.T.);
#1802=ORIENTED_EDGE('',*,*,#1342,.F.);
#1803=ORIENTED_EDGE('',*,*,#1337,.T.);
#1804=ORIENTED_EDGE('',*,*,#1340,.T.);
#1805=ORIENTED_EDGE('',*,*,#1345,.T.);
#1806=ORIENTED_EDGE('',*,*,#1346,.F.);
#1807=ORIENTED_EDGE('',*,*,#1345,.F.);
#1808=ORIENTED_EDGE('',*,*,#1339,.T.);
#1809=ORIENTED_EDGE('',*,*,#1344,.T.);
#1810=ORIENTED_EDGE('',*,*,#1346,.T.);
#1811=ORIENTED_EDGE('',*,*,#1347,.F.);
#1812=ORIENTED_EDGE('',*,*,#1348,.F.);
#1813=ORIENTED_EDGE('',*,*,#1349,.T.);
#1814=ORIENTED_EDGE('',*,*,#1350,.F.);
#1815=ORIENTED_EDGE('',*,*,#1351,.F.);
#1816=ORIENTED_EDGE('',*,*,#1352,.F.);
#1817=ORIENTED_EDGE('',*,*,#1353,.T.);
#1818=ORIENTED_EDGE('',*,*,#1354,.F.);
#1819=ORIENTED_EDGE('',*,*,#1355,.F.);
#1820=ORIENTED_EDGE('',*,*,#1349,.F.);
#1821=ORIENTED_EDGE('',*,*,#1356,.F.);
#1822=ORIENTED_EDGE('',*,*,#1357,.F.);
#1823=ORIENTED_EDGE('',*,*,#1353,.F.);
#1824=ORIENTED_EDGE('',*,*,#1347,.T.);
#1825=ORIENTED_EDGE('',*,*,#1358,.T.);
#1826=ORIENTED_EDGE('',*,*,#1351,.T.);
#1827=ORIENTED_EDGE('',*,*,#1359,.T.);
#1828=ORIENTED_EDGE('',*,*,#1350,.T.);
#1829=ORIENTED_EDGE('',*,*,#1360,.T.);
#1830=ORIENTED_EDGE('',*,*,#1361,.F.);
#1831=ORIENTED_EDGE('',*,*,#1360,.F.);
#1832=ORIENTED_EDGE('',*,*,#1355,.T.);
#1833=ORIENTED_EDGE('',*,*,#1352,.T.);
#1834=ORIENTED_EDGE('',*,*,#1358,.F.);
#1835=ORIENTED_EDGE('',*,*,#1348,.T.);
#1836=ORIENTED_EDGE('',*,*,#1359,.F.);
#1837=ORIENTED_EDGE('',*,*,#1354,.T.);
#1838=ORIENTED_EDGE('',*,*,#1357,.T.);
#1839=ORIENTED_EDGE('',*,*,#1362,.T.);
#1840=ORIENTED_EDGE('',*,*,#1363,.F.);
#1841=ORIENTED_EDGE('',*,*,#1362,.F.);
#1842=ORIENTED_EDGE('',*,*,#1356,.T.);
#1843=ORIENTED_EDGE('',*,*,#1361,.T.);
#1844=ORIENTED_EDGE('',*,*,#1363,.T.);
#1845=ORIENTED_EDGE('',*,*,#1364,.T.);
#1846=ORIENTED_EDGE('',*,*,#1365,.T.);
#1847=ORIENTED_EDGE('',*,*,#1366,.T.);
#1848=ORIENTED_EDGE('',*,*,#1367,.T.);
#1849=ORIENTED_EDGE('',*,*,#1367,.F.);
#1850=ORIENTED_EDGE('',*,*,#1368,.F.);
#1851=ORIENTED_EDGE('',*,*,#1369,.T.);
#1852=ORIENTED_EDGE('',*,*,#1370,.T.);
#1853=ORIENTED_EDGE('',*,*,#1366,.F.);
#1854=ORIENTED_EDGE('',*,*,#1371,.T.);
#1855=ORIENTED_EDGE('',*,*,#1372,.T.);
#1856=ORIENTED_EDGE('',*,*,#1373,.T.);
#1857=ORIENTED_EDGE('',*,*,#1368,.T.);
#1858=ORIENTED_EDGE('',*,*,#1364,.F.);
#1859=ORIENTED_EDGE('',*,*,#1370,.F.);
#1860=ORIENTED_EDGE('',*,*,#1374,.F.);
#1861=ORIENTED_EDGE('',*,*,#1375,.F.);
#1862=ORIENTED_EDGE('',*,*,#1376,.F.);
#1863=ORIENTED_EDGE('',*,*,#1372,.F.);
#1864=ORIENTED_EDGE('',*,*,#1377,.T.);
#1865=ORIENTED_EDGE('',*,*,#1375,.T.);
#1866=ORIENTED_EDGE('',*,*,#1378,.F.);
#1867=ORIENTED_EDGE('',*,*,#1373,.F.);
#1868=ORIENTED_EDGE('',*,*,#1378,.T.);
#1869=ORIENTED_EDGE('',*,*,#1374,.T.);
#1870=ORIENTED_EDGE('',*,*,#1369,.F.);
#1871=ORIENTED_EDGE('',*,*,#1365,.F.);
#1872=ORIENTED_EDGE('',*,*,#1376,.T.);
#1873=ORIENTED_EDGE('',*,*,#1377,.F.);
#1874=ORIENTED_EDGE('',*,*,#1371,.F.);
#1875=ORIENTED_EDGE('',*,*,#1379,.T.);
#1876=ORIENTED_EDGE('',*,*,#1380,.T.);
#1877=ORIENTED_EDGE('',*,*,#1381,.T.);
#1878=ORIENTED_EDGE('',*,*,#1382,.T.);
#1879=ORIENTED_EDGE('',*,*,#1383,.F.);
#1880=ORIENTED_EDGE('',*,*,#1384,.F.);
#1881=ORIENTED_EDGE('',*,*,#1385,.F.);
#1882=ORIENTED_EDGE('',*,*,#1386,.F.);
#1883=ORIENTED_EDGE('',*,*,#1383,.T.);
#1884=ORIENTED_EDGE('',*,*,#1387,.T.);
#1885=ORIENTED_EDGE('',*,*,#1379,.F.);
#1886=ORIENTED_EDGE('',*,*,#1388,.F.);
#1887=ORIENTED_EDGE('',*,*,#1386,.T.);
#1888=ORIENTED_EDGE('',*,*,#1389,.T.);
#1889=ORIENTED_EDGE('',*,*,#1380,.F.);
#1890=ORIENTED_EDGE('',*,*,#1387,.F.);
#1891=ORIENTED_EDGE('',*,*,#1385,.T.);
#1892=ORIENTED_EDGE('',*,*,#1390,.T.);
#1893=ORIENTED_EDGE('',*,*,#1381,.F.);
#1894=ORIENTED_EDGE('',*,*,#1389,.F.);
#1895=ORIENTED_EDGE('',*,*,#1384,.T.);
#1896=ORIENTED_EDGE('',*,*,#1388,.T.);
#1897=ORIENTED_EDGE('',*,*,#1382,.F.);
#1898=ORIENTED_EDGE('',*,*,#1390,.F.);
#1899=ORIENTED_EDGE('',*,*,#1391,.T.);
#1900=ORIENTED_EDGE('',*,*,#1392,.T.);
#1901=ORIENTED_EDGE('',*,*,#1393,.T.);
#1902=ORIENTED_EDGE('',*,*,#1394,.T.);
#1903=ORIENTED_EDGE('',*,*,#1395,.F.);
#1904=ORIENTED_EDGE('',*,*,#1396,.F.);
#1905=ORIENTED_EDGE('',*,*,#1397,.F.);
#1906=ORIENTED_EDGE('',*,*,#1398,.F.);
#1907=ORIENTED_EDGE('',*,*,#1395,.T.);
#1908=ORIENTED_EDGE('',*,*,#1399,.T.);
#1909=ORIENTED_EDGE('',*,*,#1391,.F.);
#1910=ORIENTED_EDGE('',*,*,#1400,.F.);
#1911=ORIENTED_EDGE('',*,*,#1398,.T.);
#1912=ORIENTED_EDGE('',*,*,#1401,.T.);
#1913=ORIENTED_EDGE('',*,*,#1392,.F.);
#1914=ORIENTED_EDGE('',*,*,#1399,.F.);
#1915=ORIENTED_EDGE('',*,*,#1397,.T.);
#1916=ORIENTED_EDGE('',*,*,#1402,.T.);
#1917=ORIENTED_EDGE('',*,*,#1393,.F.);
#1918=ORIENTED_EDGE('',*,*,#1401,.F.);
#1919=ORIENTED_EDGE('',*,*,#1396,.T.);
#1920=ORIENTED_EDGE('',*,*,#1400,.T.);
#1921=ORIENTED_EDGE('',*,*,#1394,.F.);
#1922=ORIENTED_EDGE('',*,*,#1402,.F.);
#1923=ORIENTED_EDGE('',*,*,#1403,.T.);
#1924=ORIENTED_EDGE('',*,*,#1404,.T.);
#1925=ORIENTED_EDGE('',*,*,#1405,.T.);
#1926=ORIENTED_EDGE('',*,*,#1406,.T.);
#1927=ORIENTED_EDGE('',*,*,#1407,.F.);
#1928=ORIENTED_EDGE('',*,*,#1408,.F.);
#1929=ORIENTED_EDGE('',*,*,#1409,.F.);
#1930=ORIENTED_EDGE('',*,*,#1410,.F.);
#1931=ORIENTED_EDGE('',*,*,#1407,.T.);
#1932=ORIENTED_EDGE('',*,*,#1411,.T.);
#1933=ORIENTED_EDGE('',*,*,#1403,.F.);
#1934=ORIENTED_EDGE('',*,*,#1412,.F.);
#1935=ORIENTED_EDGE('',*,*,#1410,.T.);
#1936=ORIENTED_EDGE('',*,*,#1413,.T.);
#1937=ORIENTED_EDGE('',*,*,#1404,.F.);
#1938=ORIENTED_EDGE('',*,*,#1411,.F.);
#1939=ORIENTED_EDGE('',*,*,#1409,.T.);
#1940=ORIENTED_EDGE('',*,*,#1414,.T.);
#1941=ORIENTED_EDGE('',*,*,#1405,.F.);
#1942=ORIENTED_EDGE('',*,*,#1413,.F.);
#1943=ORIENTED_EDGE('',*,*,#1408,.T.);
#1944=ORIENTED_EDGE('',*,*,#1412,.T.);
#1945=ORIENTED_EDGE('',*,*,#1406,.F.);
#1946=ORIENTED_EDGE('',*,*,#1414,.F.);
#1947=ORIENTED_EDGE('',*,*,#1415,.T.);
#1948=ORIENTED_EDGE('',*,*,#1416,.T.);
#1949=ORIENTED_EDGE('',*,*,#1417,.T.);
#1950=ORIENTED_EDGE('',*,*,#1418,.T.);
#1951=ORIENTED_EDGE('',*,*,#1419,.F.);
#1952=ORIENTED_EDGE('',*,*,#1420,.F.);
#1953=ORIENTED_EDGE('',*,*,#1421,.F.);
#1954=ORIENTED_EDGE('',*,*,#1422,.F.);
#1955=ORIENTED_EDGE('',*,*,#1419,.T.);
#1956=ORIENTED_EDGE('',*,*,#1423,.T.);
#1957=ORIENTED_EDGE('',*,*,#1415,.F.);
#1958=ORIENTED_EDGE('',*,*,#1424,.F.);
#1959=ORIENTED_EDGE('',*,*,#1422,.T.);
#1960=ORIENTED_EDGE('',*,*,#1425,.T.);
#1961=ORIENTED_EDGE('',*,*,#1416,.F.);
#1962=ORIENTED_EDGE('',*,*,#1423,.F.);
#1963=ORIENTED_EDGE('',*,*,#1421,.T.);
#1964=ORIENTED_EDGE('',*,*,#1426,.T.);
#1965=ORIENTED_EDGE('',*,*,#1417,.F.);
#1966=ORIENTED_EDGE('',*,*,#1425,.F.);
#1967=ORIENTED_EDGE('',*,*,#1420,.T.);
#1968=ORIENTED_EDGE('',*,*,#1424,.T.);
#1969=ORIENTED_EDGE('',*,*,#1418,.F.);
#1970=ORIENTED_EDGE('',*,*,#1426,.F.);
#1971=ORIENTED_EDGE('',*,*,#1427,.T.);
#1972=ORIENTED_EDGE('',*,*,#1428,.T.);
#1973=ORIENTED_EDGE('',*,*,#1429,.T.);
#1974=ORIENTED_EDGE('',*,*,#1430,.T.);
#1975=ORIENTED_EDGE('',*,*,#1431,.F.);
#1976=ORIENTED_EDGE('',*,*,#1432,.F.);
#1977=ORIENTED_EDGE('',*,*,#1433,.F.);
#1978=ORIENTED_EDGE('',*,*,#1434,.F.);
#1979=ORIENTED_EDGE('',*,*,#1431,.T.);
#1980=ORIENTED_EDGE('',*,*,#1435,.T.);
#1981=ORIENTED_EDGE('',*,*,#1427,.F.);
#1982=ORIENTED_EDGE('',*,*,#1436,.F.);
#1983=ORIENTED_EDGE('',*,*,#1434,.T.);
#1984=ORIENTED_EDGE('',*,*,#1437,.T.);
#1985=ORIENTED_EDGE('',*,*,#1428,.F.);
#1986=ORIENTED_EDGE('',*,*,#1435,.F.);
#1987=ORIENTED_EDGE('',*,*,#1433,.T.);
#1988=ORIENTED_EDGE('',*,*,#1438,.T.);
#1989=ORIENTED_EDGE('',*,*,#1429,.F.);
#1990=ORIENTED_EDGE('',*,*,#1437,.F.);
#1991=ORIENTED_EDGE('',*,*,#1432,.T.);
#1992=ORIENTED_EDGE('',*,*,#1436,.T.);
#1993=ORIENTED_EDGE('',*,*,#1430,.F.);
#1994=ORIENTED_EDGE('',*,*,#1438,.F.);
#1995=ORIENTED_EDGE('',*,*,#1439,.T.);
#1996=ORIENTED_EDGE('',*,*,#1440,.T.);
#1997=ORIENTED_EDGE('',*,*,#1441,.T.);
#1998=ORIENTED_EDGE('',*,*,#1442,.T.);
#1999=ORIENTED_EDGE('',*,*,#1443,.F.);
#2000=ORIENTED_EDGE('',*,*,#1444,.F.);
#2001=ORIENTED_EDGE('',*,*,#1445,.F.);
#2002=ORIENTED_EDGE('',*,*,#1446,.F.);
#2003=ORIENTED_EDGE('',*,*,#1443,.T.);
#2004=ORIENTED_EDGE('',*,*,#1447,.T.);
#2005=ORIENTED_EDGE('',*,*,#1439,.F.);
#2006=ORIENTED_EDGE('',*,*,#1448,.F.);
#2007=ORIENTED_EDGE('',*,*,#1446,.T.);
#2008=ORIENTED_EDGE('',*,*,#1449,.T.);
#2009=ORIENTED_EDGE('',*,*,#1440,.F.);
#2010=ORIENTED_EDGE('',*,*,#1447,.F.);
#2011=ORIENTED_EDGE('',*,*,#1445,.T.);
#2012=ORIENTED_EDGE('',*,*,#1450,.T.);
#2013=ORIENTED_EDGE('',*,*,#1441,.F.);
#2014=ORIENTED_EDGE('',*,*,#1449,.F.);
#2015=ORIENTED_EDGE('',*,*,#1444,.T.);
#2016=ORIENTED_EDGE('',*,*,#1448,.T.);
#2017=ORIENTED_EDGE('',*,*,#1442,.F.);
#2018=ORIENTED_EDGE('',*,*,#1450,.F.);
#2019=ORIENTED_EDGE('',*,*,#1451,.T.);
#2020=ORIENTED_EDGE('',*,*,#1452,.T.);
#2021=ORIENTED_EDGE('',*,*,#1453,.T.);
#2022=ORIENTED_EDGE('',*,*,#1454,.T.);
#2023=ORIENTED_EDGE('',*,*,#1455,.F.);
#2024=ORIENTED_EDGE('',*,*,#1456,.F.);
#2025=ORIENTED_EDGE('',*,*,#1457,.F.);
#2026=ORIENTED_EDGE('',*,*,#1458,.F.);
#2027=ORIENTED_EDGE('',*,*,#1455,.T.);
#2028=ORIENTED_EDGE('',*,*,#1459,.T.);
#2029=ORIENTED_EDGE('',*,*,#1451,.F.);
#2030=ORIENTED_EDGE('',*,*,#1460,.F.);
#2031=ORIENTED_EDGE('',*,*,#1458,.T.);
#2032=ORIENTED_EDGE('',*,*,#1461,.T.);
#2033=ORIENTED_EDGE('',*,*,#1452,.F.);
#2034=ORIENTED_EDGE('',*,*,#1459,.F.);
#2035=ORIENTED_EDGE('',*,*,#1457,.T.);
#2036=ORIENTED_EDGE('',*,*,#1462,.T.);
#2037=ORIENTED_EDGE('',*,*,#1453,.F.);
#2038=ORIENTED_EDGE('',*,*,#1461,.F.);
#2039=ORIENTED_EDGE('',*,*,#1456,.T.);
#2040=ORIENTED_EDGE('',*,*,#1460,.T.);
#2041=ORIENTED_EDGE('',*,*,#1454,.F.);
#2042=ORIENTED_EDGE('',*,*,#1462,.F.);
#2043=ORIENTED_EDGE('',*,*,#1463,.T.);
#2044=ORIENTED_EDGE('',*,*,#1464,.T.);
#2045=ORIENTED_EDGE('',*,*,#1465,.T.);
#2046=ORIENTED_EDGE('',*,*,#1466,.T.);
#2047=ORIENTED_EDGE('',*,*,#1467,.F.);
#2048=ORIENTED_EDGE('',*,*,#1468,.F.);
#2049=ORIENTED_EDGE('',*,*,#1469,.F.);
#2050=ORIENTED_EDGE('',*,*,#1470,.F.);
#2051=ORIENTED_EDGE('',*,*,#1467,.T.);
#2052=ORIENTED_EDGE('',*,*,#1471,.T.);
#2053=ORIENTED_EDGE('',*,*,#1463,.F.);
#2054=ORIENTED_EDGE('',*,*,#1472,.F.);
#2055=ORIENTED_EDGE('',*,*,#1470,.T.);
#2056=ORIENTED_EDGE('',*,*,#1473,.T.);
#2057=ORIENTED_EDGE('',*,*,#1464,.F.);
#2058=ORIENTED_EDGE('',*,*,#1471,.F.);
#2059=ORIENTED_EDGE('',*,*,#1469,.T.);
#2060=ORIENTED_EDGE('',*,*,#1474,.T.);
#2061=ORIENTED_EDGE('',*,*,#1465,.F.);
#2062=ORIENTED_EDGE('',*,*,#1473,.F.);
#2063=ORIENTED_EDGE('',*,*,#1468,.T.);
#2064=ORIENTED_EDGE('',*,*,#1472,.T.);
#2065=ORIENTED_EDGE('',*,*,#1466,.F.);
#2066=ORIENTED_EDGE('',*,*,#1474,.F.);
#2067=CYLINDRICAL_SURFACE('',#2252,1.);
#2068=CYLINDRICAL_SURFACE('',#2260,1.);
#2069=CYLINDRICAL_SURFACE('',#2263,1.);
#2070=CYLINDRICAL_SURFACE('',#2266,1.);
#2071=CYLINDRICAL_SURFACE('',#2280,1.);
#2072=CYLINDRICAL_SURFACE('',#2288,1.);
#2073=CYLINDRICAL_SURFACE('',#2291,1.);
#2074=CYLINDRICAL_SURFACE('',#2294,1.);
#2075=CYLINDRICAL_SURFACE('',#2298,1.);
#2076=CYLINDRICAL_SURFACE('',#2307,1.);
#2077=CYLINDRICAL_SURFACE('',#2316,1.);
#2078=CYLINDRICAL_SURFACE('',#2334,24.25);
#2079=CYLINDRICAL_SURFACE('',#2336,17.25);
#2080=CYLINDRICAL_SURFACE('',#2348,24.25);
#2081=CYLINDRICAL_SURFACE('',#2350,17.25);
#2082=CYLINDRICAL_SURFACE('',#2362,24.25);
#2083=CYLINDRICAL_SURFACE('',#2364,17.25);
#2084=CYLINDRICAL_SURFACE('',#2376,24.25);
#2085=CYLINDRICAL_SURFACE('',#2378,17.25);
#2086=CYLINDRICAL_SURFACE('',#2381,1.);
#2087=ADVANCED_FACE('',(#177),#2067,.T.);
#2088=ADVANCED_FACE('',(#178),#63,.T.);
#2089=ADVANCED_FACE('',(#179),#64,.T.);
#2090=ADVANCED_FACE('',(#180),#2068,.T.);
#2091=ADVANCED_FACE('',(#181),#65,.T.);
#2092=ADVANCED_FACE('',(#182),#2069,.T.);
#2093=ADVANCED_FACE('',(#183),#66,.T.);
#2094=ADVANCED_FACE('',(#184),#2070,.T.);
#2095=ADVANCED_FACE('',(#185),#67,.T.);
#2096=ADVANCED_FACE('',(#186),#68,.F.);
#2097=ADVANCED_FACE('',(#187),#69,.F.);
#2098=ADVANCED_FACE('',(#188),#70,.F.);
#2099=ADVANCED_FACE('',(#189),#71,.F.);
#2100=ADVANCED_FACE('',(#190),#72,.F.);
#2101=ADVANCED_FACE('',(#191),#73,.F.);
#2102=ADVANCED_FACE('',(#192),#74,.F.);
#2103=ADVANCED_FACE('',(#193),#75,.F.);
#2104=ADVANCED_FACE('',(#194),#76,.F.);
#2105=ADVANCED_FACE('',(#195),#77,.F.);
#2106=ADVANCED_FACE('',(#196),#78,.F.);
#2107=ADVANCED_FACE('',(#197),#2071,.T.);
#2108=ADVANCED_FACE('',(#198),#79,.T.);
#2109=ADVANCED_FACE('',(#199,#21),#80,.T.);
#2110=ADVANCED_FACE('',(#200),#2072,.T.);
#2111=ADVANCED_FACE('',(#201),#81,.T.);
#2112=ADVANCED_FACE('',(#202),#2073,.T.);
#2113=ADVANCED_FACE('',(#203),#82,.T.);
#2114=ADVANCED_FACE('',(#204),#2074,.T.);
#2115=ADVANCED_FACE('',(#205),#83,.T.);
#2116=ADVANCED_FACE('',(#206,#22),#84,.T.);
#2117=ADVANCED_FACE('',(#207),#2075,.T.);
#2118=ADVANCED_FACE('',(#208),#85,.T.);
#2119=ADVANCED_FACE('',(#209),#86,.F.);
#2120=ADVANCED_FACE('',(#210),#87,.T.);
#2121=ADVANCED_FACE('',(#211),#88,.T.);
#2122=ADVANCED_FACE('',(#212),#89,.T.);
#2123=ADVANCED_FACE('',(#213),#90,.T.);
#2124=ADVANCED_FACE('',(#214),#2076,.T.);
#2125=ADVANCED_FACE('',(#215),#91,.F.);
#2126=ADVANCED_FACE('',(#216),#92,.T.);
#2127=ADVANCED_FACE('',(#217),#93,.F.);
#2128=ADVANCED_FACE('',(#218),#94,.F.);
#2129=ADVANCED_FACE('',(#219),#95,.F.);
#2130=ADVANCED_FACE('',(#220),#96,.F.);
#2131=ADVANCED_FACE('',(#221),#2077,.T.);
#2132=ADVANCED_FACE('',(#222),#97,.T.);
#2133=ADVANCED_FACE('',(#223),#98,.F.);
#2134=ADVANCED_FACE('',(#224),#99,.T.);
#2135=ADVANCED_FACE('',(#225),#100,.T.);
#2136=ADVANCED_FACE('',(#226),#101,.T.);
#2137=ADVANCED_FACE('',(#227),#102,.T.);
#2138=ADVANCED_FACE('',(#228),#103,.F.);
#2139=ADVANCED_FACE('',(#229),#104,.F.);
#2140=ADVANCED_FACE('',(#230),#105,.T.);
#2141=ADVANCED_FACE('',(#231),#106,.T.);
#2142=ADVANCED_FACE('',(#232),#2078,.T.);
#2143=ADVANCED_FACE('',(#233),#2079,.F.);
#2144=ADVANCED_FACE('',(#234,#23),#107,.T.);
#2145=ADVANCED_FACE('',(#235),#108,.F.);
#2146=ADVANCED_FACE('',(#236),#109,.F.);
#2147=ADVANCED_FACE('',(#237),#110,.T.);
#2148=ADVANCED_FACE('',(#238),#111,.T.);
#2149=ADVANCED_FACE('',(#239),#2080,.T.);
#2150=ADVANCED_FACE('',(#240),#2081,.F.);
#2151=ADVANCED_FACE('',(#241,#24),#112,.T.);
#2152=ADVANCED_FACE('',(#242),#113,.F.);
#2153=ADVANCED_FACE('',(#243),#114,.F.);
#2154=ADVANCED_FACE('',(#244),#115,.T.);
#2155=ADVANCED_FACE('',(#245),#116,.T.);
#2156=ADVANCED_FACE('',(#246),#2082,.T.);
#2157=ADVANCED_FACE('',(#247),#2083,.F.);
#2158=ADVANCED_FACE('',(#248,#25),#117,.T.);
#2159=ADVANCED_FACE('',(#249),#118,.F.);
#2160=ADVANCED_FACE('',(#250),#119,.F.);
#2161=ADVANCED_FACE('',(#251),#120,.T.);
#2162=ADVANCED_FACE('',(#252),#121,.T.);
#2163=ADVANCED_FACE('',(#253),#2084,.T.);
#2164=ADVANCED_FACE('',(#254),#2085,.F.);
#2165=ADVANCED_FACE('',(#255,#26),#122,.T.);
#2166=ADVANCED_FACE('',(#256),#2086,.T.);
#2167=ADVANCED_FACE('',(#257),#123,.F.);
#2168=ADVANCED_FACE('',(#258),#124,.T.);
#2169=ADVANCED_FACE('',(#259),#125,.F.);
#2170=ADVANCED_FACE('',(#260),#126,.F.);
#2171=ADVANCED_FACE('',(#261),#127,.F.);
#2172=ADVANCED_FACE('',(#262),#128,.F.);
#2173=ADVANCED_FACE('',(#263),#129,.F.);
#2174=ADVANCED_FACE('',(#264),#130,.T.);
#2175=ADVANCED_FACE('',(#265),#131,.T.);
#2176=ADVANCED_FACE('',(#266),#132,.T.);
#2177=ADVANCED_FACE('',(#267),#133,.T.);
#2178=ADVANCED_FACE('',(#268),#134,.T.);
#2179=ADVANCED_FACE('',(#269),#135,.F.);
#2180=ADVANCED_FACE('',(#270),#136,.T.);
#2181=ADVANCED_FACE('',(#271),#137,.T.);
#2182=ADVANCED_FACE('',(#272),#138,.T.);
#2183=ADVANCED_FACE('',(#273),#139,.T.);
#2184=ADVANCED_FACE('',(#274),#140,.T.);
#2185=ADVANCED_FACE('',(#275),#141,.F.);
#2186=ADVANCED_FACE('',(#276),#142,.T.);
#2187=ADVANCED_FACE('',(#277),#143,.T.);
#2188=ADVANCED_FACE('',(#278),#144,.T.);
#2189=ADVANCED_FACE('',(#279),#145,.T.);
#2190=ADVANCED_FACE('',(#280),#146,.T.);
#2191=ADVANCED_FACE('',(#281),#147,.F.);
#2192=ADVANCED_FACE('',(#282),#148,.T.);
#2193=ADVANCED_FACE('',(#283),#149,.T.);
#2194=ADVANCED_FACE('',(#284),#150,.T.);
#2195=ADVANCED_FACE('',(#285),#151,.T.);
#2196=ADVANCED_FACE('',(#286),#152,.T.);
#2197=ADVANCED_FACE('',(#287),#153,.F.);
#2198=ADVANCED_FACE('',(#288),#154,.T.);
#2199=ADVANCED_FACE('',(#289),#155,.T.);
#2200=ADVANCED_FACE('',(#290),#156,.T.);
#2201=ADVANCED_FACE('',(#291),#157,.T.);
#2202=ADVANCED_FACE('',(#292),#158,.T.);
#2203=ADVANCED_FACE('',(#293),#159,.F.);
#2204=ADVANCED_FACE('',(#294),#160,.T.);
#2205=ADVANCED_FACE('',(#295),#161,.T.);
#2206=ADVANCED_FACE('',(#296),#162,.T.);
#2207=ADVANCED_FACE('',(#297),#163,.T.);
#2208=ADVANCED_FACE('',(#298),#164,.T.);
#2209=ADVANCED_FACE('',(#299),#165,.F.);
#2210=ADVANCED_FACE('',(#300),#166,.T.);
#2211=ADVANCED_FACE('',(#301),#167,.T.);
#2212=ADVANCED_FACE('',(#302),#168,.T.);
#2213=ADVANCED_FACE('',(#303),#169,.T.);
#2214=ADVANCED_FACE('',(#304),#170,.T.);
#2215=ADVANCED_FACE('',(#305),#171,.F.);
#2216=ADVANCED_FACE('',(#306),#172,.T.);
#2217=ADVANCED_FACE('',(#307),#173,.T.);
#2218=ADVANCED_FACE('',(#308),#174,.T.);
#2219=ADVANCED_FACE('',(#309),#175,.T.);
#2220=ADVANCED_FACE('',(#310),#176,.T.);
#2221=CLOSED_SHELL('',(#2087,#2088,#2089,#2090,#2091,#2092,#2093,#2094,
#2095,#2096));
#2222=CLOSED_SHELL('',(#2097,#2098,#2099,#2100,#2101,#2102,#2103,#2104,
#2105,#2106,#2107,#2108,#2109,#2110,#2111,#2112,#2113,#2114,#2115,#2116));
#2223=CLOSED_SHELL('',(#2117,#2118,#2119,#2120,#2121,#2122,#2123));
#2224=CLOSED_SHELL('',(#2124,#2125,#2126,#2127,#2128,#2129,#2130));
#2225=CLOSED_SHELL('',(#2131,#2132,#2133,#2134,#2135,#2136,#2137));
#2226=CLOSED_SHELL('',(#2138,#2139,#2140,#2141,#2142,#2143,#2144));
#2227=CLOSED_SHELL('',(#2145,#2146,#2147,#2148,#2149,#2150,#2151));
#2228=CLOSED_SHELL('',(#2152,#2153,#2154,#2155,#2156,#2157,#2158));
#2229=CLOSED_SHELL('',(#2159,#2160,#2161,#2162,#2163,#2164,#2165));
#2230=CLOSED_SHELL('',(#2166,#2167,#2168,#2169,#2170,#2171,#2172));
#2231=CLOSED_SHELL('',(#2173,#2174,#2175,#2176,#2177,#2178));
#2232=CLOSED_SHELL('',(#2179,#2180,#2181,#2182,#2183,#2184));
#2233=CLOSED_SHELL('',(#2185,#2186,#2187,#2188,#2189,#2190));
#2234=CLOSED_SHELL('',(#2191,#2192,#2193,#2194,#2195,#2196));
#2235=CLOSED_SHELL('',(#2197,#2198,#2199,#2200,#2201,#2202));
#2236=CLOSED_SHELL('',(#2203,#2204,#2205,#2206,#2207,#2208));
#2237=CLOSED_SHELL('',(#2209,#2210,#2211,#2212,#2213,#2214));
#2238=CLOSED_SHELL('',(#2215,#2216,#2217,#2218,#2219,#2220));
#2239=DERIVED_UNIT_ELEMENT(#2241,1.);
#2240=DERIVED_UNIT_ELEMENT(#3688,-3.);
#2241=(
MASS_UNIT()
NAMED_UNIT(*)
SI_UNIT(.KILO.,.GRAM.)
);
#2242=DERIVED_UNIT((#2239,#2240));
#2243=MEASURE_REPRESENTATION_ITEM('density measure',
POSITIVE_RATIO_MEASURE(7850.),#2242);
#2244=PROPERTY_DEFINITION_REPRESENTATION(#2249,#2246);
#2245=PROPERTY_DEFINITION_REPRESENTATION(#2250,#2247);
#2246=REPRESENTATION('material name',(#2248),#3685);
#2247=REPRESENTATION('density',(#2243),#3685);
#2248=DESCRIPTIVE_REPRESENTATION_ITEM('Steel','Steel');
#2249=PROPERTY_DEFINITION('material property','material name',#3695);
#2250=PROPERTY_DEFINITION('material property','density of part',#3695);
#2251=AXIS2_PLACEMENT_3D('',#3056,#2438,#2439);
#2252=AXIS2_PLACEMENT_3D('',#3057,#2440,#2441);
#2253=AXIS2_PLACEMENT_3D('',#3060,#2442,#2443);
#2254=AXIS2_PLACEMENT_3D('',#3064,#2445,#2446);
#2255=AXIS2_PLACEMENT_3D('',#3066,#2448,#2449);
#2256=AXIS2_PLACEMENT_3D('',#3072,#2453,#2454);
#2257=AXIS2_PLACEMENT_3D('',#3076,#2456,#2457);
#2258=AXIS2_PLACEMENT_3D('',#3080,#2459,#2460);
#2259=AXIS2_PLACEMENT_3D('',#3083,#2462,#2463);
#2260=AXIS2_PLACEMENT_3D('',#3084,#2464,#2465);
#2261=AXIS2_PLACEMENT_3D('',#3087,#2467,#2468);
#2262=AXIS2_PLACEMENT_3D('',#3088,#2469,#2470);
#2263=AXIS2_PLACEMENT_3D('',#3092,#2473,#2474);
#2264=AXIS2_PLACEMENT_3D('',#3095,#2476,#2477);
#2265=AXIS2_PLACEMENT_3D('',#3096,#2478,#2479);
#2266=AXIS2_PLACEMENT_3D('',#3100,#2482,#2483);
#2267=AXIS2_PLACEMENT_3D('',#3103,#2485,#2486);
#2268=AXIS2_PLACEMENT_3D('',#3104,#2487,#2488);
#2269=AXIS2_PLACEMENT_3D('',#3106,#2490,#2491);
#2270=AXIS2_PLACEMENT_3D('',#3107,#2492,#2493);
#2271=AXIS2_PLACEMENT_3D('',#3116,#2498,#2499);
#2272=AXIS2_PLACEMENT_3D('',#3122,#2503,#2504);
#2273=AXIS2_PLACEMENT_3D('',#3128,#2508,#2509);
#2274=AXIS2_PLACEMENT_3D('',#3131,#2512,#2513);
#2275=AXIS2_PLACEMENT_3D('',#3132,#2514,#2515);
#2276=AXIS2_PLACEMENT_3D('',#3141,#2520,#2521);
#2277=AXIS2_PLACEMENT_3D('',#3147,#2525,#2526);
#2278=AXIS2_PLACEMENT_3D('',#3151,#2529,#2530);
#2279=AXIS2_PLACEMENT_3D('',#3155,#2533,#2534);
#2280=AXIS2_PLACEMENT_3D('',#3157,#2536,#2537);
#2281=AXIS2_PLACEMENT_3D('',#3160,#2538,#2539);
#2282=AXIS2_PLACEMENT_3D('',#3164,#2541,#2542);
#2283=AXIS2_PLACEMENT_3D('',#3166,#2544,#2545);
#2284=AXIS2_PLACEMENT_3D('',#3172,#2549,#2550);
#2285=AXIS2_PLACEMENT_3D('',#3176,#2552,#2553);
#2286=AXIS2_PLACEMENT_3D('',#3180,#2555,#2556);
#2287=AXIS2_PLACEMENT_3D('',#3183,#2558,#2559);
#2288=AXIS2_PLACEMENT_3D('',#3184,#2560,#2561);
#2289=AXIS2_PLACEMENT_3D('',#3186,#2562,#2563);
#2290=AXIS2_PLACEMENT_3D('',#3188,#2565,#2566);
#2291=AXIS2_PLACEMENT_3D('',#3192,#2569,#2570);
#2292=AXIS2_PLACEMENT_3D('',#3194,#2571,#2572);
#2293=AXIS2_PLACEMENT_3D('',#3196,#2574,#2575);
#2294=AXIS2_PLACEMENT_3D('',#3200,#2578,#2579);
#2295=AXIS2_PLACEMENT_3D('',#3202,#2580,#2581);
#2296=AXIS2_PLACEMENT_3D('',#3204,#2583,#2584);
#2297=AXIS2_PLACEMENT_3D('',#3206,#2586,#2587);
#2298=AXIS2_PLACEMENT_3D('',#3207,#2588,#2589);
#2299=AXIS2_PLACEMENT_3D('',#3210,#2590,#2591);
#2300=AXIS2_PLACEMENT_3D('',#3214,#2593,#2594);
#2301=AXIS2_PLACEMENT_3D('',#3216,#2596,#2597);
#2302=AXIS2_PLACEMENT_3D('',#3222,#2601,#2602);
#2303=AXIS2_PLACEMENT_3D('',#3228,#2606,#2607);
#2304=AXIS2_PLACEMENT_3D('',#3234,#2611,#2612);
#2305=AXIS2_PLACEMENT_3D('',#3236,#2614,#2615);
#2306=AXIS2_PLACEMENT_3D('',#3238,#2617,#2618);
#2307=AXIS2_PLACEMENT_3D('',#3239,#2619,#2620);
#2308=AXIS2_PLACEMENT_3D('',#3242,#2621,#2622);
#2309=AXIS2_PLACEMENT_3D('',#3246,#2624,#2625);
#2310=AXIS2_PLACEMENT_3D('',#3248,#2627,#2628);
#2311=AXIS2_PLACEMENT_3D('',#3254,#2632,#2633);
#2312=AXIS2_PLACEMENT_3D('',#3260,#2637,#2638);
#2313=AXIS2_PLACEMENT_3D('',#3266,#2642,#2643);
#2314=AXIS2_PLACEMENT_3D('',#3269,#2646,#2647);
#2315=AXIS2_PLACEMENT_3D('',#3270,#2648,#2649);
#2316=AXIS2_PLACEMENT_3D('',#3271,#2650,#2651);
#2317=AXIS2_PLACEMENT_3D('',#3274,#2652,#2653);
#2318=AXIS2_PLACEMENT_3D('',#3278,#2655,#2656);
#2319=AXIS2_PLACEMENT_3D('',#3280,#2658,#2659);
#2320=AXIS2_PLACEMENT_3D('',#3286,#2663,#2664);
#2321=AXIS2_PLACEMENT_3D('',#3292,#2668,#2669);
#2322=AXIS2_PLACEMENT_3D('',#3298,#2673,#2674);
#2323=AXIS2_PLACEMENT_3D('',#3300,#2676,#2677);
#2324=AXIS2_PLACEMENT_3D('',#3302,#2679,#2680);
#2325=AXIS2_PLACEMENT_3D('',#3303,#2681,#2682);
#2326=AXIS2_PLACEMENT_3D('',#3312,#2687,#2688);
#2327=AXIS2_PLACEMENT_3D('',#3321,#2693,#2694);
#2328=AXIS2_PLACEMENT_3D('',#3322,#2695,#2696);
#2329=AXIS2_PLACEMENT_3D('',#3324,#2697,#2698);
#2330=AXIS2_PLACEMENT_3D('',#3325,#2699,#2700);
#2331=AXIS2_PLACEMENT_3D('',#3326,#2701,#2702);
#2332=AXIS2_PLACEMENT_3D('',#3327,#2703,#2704);
#2333=AXIS2_PLACEMENT_3D('',#3328,#2705,#2706);
#2334=AXIS2_PLACEMENT_3D('',#3329,#2707,#2708);
#2335=AXIS2_PLACEMENT_3D('',#3332,#2710,#2711);
#2336=AXIS2_PLACEMENT_3D('',#3333,#2712,#2713);
#2337=AXIS2_PLACEMENT_3D('',#3336,#2715,#2716);
#2338=AXIS2_PLACEMENT_3D('',#3337,#2717,#2718);
#2339=AXIS2_PLACEMENT_3D('',#3338,#2719,#2720);
#2340=AXIS2_PLACEMENT_3D('',#3347,#2725,#2726);
#2341=AXIS2_PLACEMENT_3D('',#3356,#2731,#2732);
#2342=AXIS2_PLACEMENT_3D('',#3357,#2733,#2734);
#2343=AXIS2_PLACEMENT_3D('',#3359,#2735,#2736);
#2344=AXIS2_PLACEMENT_3D('',#3360,#2737,#2738);
#2345=AXIS2_PLACEMENT_3D('',#3361,#2739,#2740);
#2346=AXIS2_PLACEMENT_3D('',#3362,#2741,#2742);
#2347=AXIS2_PLACEMENT_3D('',#3363,#2743,#2744);
#2348=AXIS2_PLACEMENT_3D('',#3364,#2745,#2746);
#2349=AXIS2_PLACEMENT_3D('',#3367,#2748,#2749);
#2350=AXIS2_PLACEMENT_3D('',#3368,#2750,#2751);
#2351=AXIS2_PLACEMENT_3D('',#3371,#2753,#2754);
#2352=AXIS2_PLACEMENT_3D('',#3372,#2755,#2756);
#2353=AXIS2_PLACEMENT_3D('',#3373,#2757,#2758);
#2354=AXIS2_PLACEMENT_3D('',#3382,#2763,#2764);
#2355=AXIS2_PLACEMENT_3D('',#3391,#2769,#2770);
#2356=AXIS2_PLACEMENT_3D('',#3392,#2771,#2772);
#2357=AXIS2_PLACEMENT_3D('',#3394,#2773,#2774);
#2358=AXIS2_PLACEMENT_3D('',#3395,#2775,#2776);
#2359=AXIS2_PLACEMENT_3D('',#3396,#2777,#2778);
#2360=AXIS2_PLACEMENT_3D('',#3397,#2779,#2780);
#2361=AXIS2_PLACEMENT_3D('',#3398,#2781,#2782);
#2362=AXIS2_PLACEMENT_3D('',#3399,#2783,#2784);
#2363=AXIS2_PLACEMENT_3D('',#3402,#2786,#2787);
#2364=AXIS2_PLACEMENT_3D('',#3403,#2788,#2789);
#2365=AXIS2_PLACEMENT_3D('',#3406,#2791,#2792);
#2366=AXIS2_PLACEMENT_3D('',#3407,#2793,#2794);
#2367=AXIS2_PLACEMENT_3D('',#3408,#2795,#2796);
#2368=AXIS2_PLACEMENT_3D('',#3417,#2801,#2802);
#2369=AXIS2_PLACEMENT_3D('',#3426,#2807,#2808);
#2370=AXIS2_PLACEMENT_3D('',#3427,#2809,#2810);
#2371=AXIS2_PLACEMENT_3D('',#3429,#2811,#2812);
#2372=AXIS2_PLACEMENT_3D('',#3430,#2813,#2814);
#2373=AXIS2_PLACEMENT_3D('',#3431,#2815,#2816);
#2374=AXIS2_PLACEMENT_3D('',#3432,#2817,#2818);
#2375=AXIS2_PLACEMENT_3D('',#3433,#2819,#2820);
#2376=AXIS2_PLACEMENT_3D('',#3434,#2821,#2822);
#2377=AXIS2_PLACEMENT_3D('',#3437,#2824,#2825);
#2378=AXIS2_PLACEMENT_3D('',#3438,#2826,#2827);
#2379=AXIS2_PLACEMENT_3D('',#3441,#2829,#2830);
#2380=AXIS2_PLACEMENT_3D('',#3442,#2831,#2832);
#2381=AXIS2_PLACEMENT_3D('',#3443,#2833,#2834);
#2382=AXIS2_PLACEMENT_3D('',#3446,#2835,#2836);
#2383=AXIS2_PLACEMENT_3D('',#3450,#2838,#2839);
#2384=AXIS2_PLACEMENT_3D('',#3452,#2841,#2842);
#2385=AXIS2_PLACEMENT_3D('',#3458,#2846,#2847);
#2386=AXIS2_PLACEMENT_3D('',#3464,#2851,#2852);
#2387=AXIS2_PLACEMENT_3D('',#3470,#2856,#2857);
#2388=AXIS2_PLACEMENT_3D('',#3473,#2860,#2861);
#2389=AXIS2_PLACEMENT_3D('',#3474,#2862,#2863);
#2390=AXIS2_PLACEMENT_3D('',#3475,#2864,#2865);
#2391=AXIS2_PLACEMENT_3D('',#3484,#2870,#2871);
#2392=AXIS2_PLACEMENT_3D('',#3493,#2876,#2877);
#2393=AXIS2_PLACEMENT_3D('',#3496,#2880,#2881);
#2394=AXIS2_PLACEMENT_3D('',#3498,#2883,#2884);
#2395=AXIS2_PLACEMENT_3D('',#3500,#2886,#2887);
#2396=AXIS2_PLACEMENT_3D('',#3501,#2888,#2889);
#2397=AXIS2_PLACEMENT_3D('',#3510,#2894,#2895);
#2398=AXIS2_PLACEMENT_3D('',#3519,#2900,#2901);
#2399=AXIS2_PLACEMENT_3D('',#3522,#2904,#2905);
#2400=AXIS2_PLACEMENT_3D('',#3524,#2907,#2908);
#2401=AXIS2_PLACEMENT_3D('',#3526,#2910,#2911);
#2402=AXIS2_PLACEMENT_3D('',#3527,#2912,#2913);
#2403=AXIS2_PLACEMENT_3D('',#3536,#2918,#2919);
#2404=AXIS2_PLACEMENT_3D('',#3545,#2924,#2925);
#2405=AXIS2_PLACEMENT_3D('',#3548,#2928,#2929);
#2406=AXIS2_PLACEMENT_3D('',#3550,#2931,#2932);
#2407=AXIS2_PLACEMENT_3D('',#3552,#2934,#2935);
#2408=AXIS2_PLACEMENT_3D('',#3553,#2936,#2937);
#2409=AXIS2_PLACEMENT_3D('',#3562,#2942,#2943);
#2410=AXIS2_PLACEMENT_3D('',#3571,#2948,#2949);
#2411=AXIS2_PLACEMENT_3D('',#3574,#2952,#2953);
#2412=AXIS2_PLACEMENT_3D('',#3576,#2955,#2956);
#2413=AXIS2_PLACEMENT_3D('',#3578,#2958,#2959);
#2414=AXIS2_PLACEMENT_3D('',#3579,#2960,#2961);
#2415=AXIS2_PLACEMENT_3D('',#3588,#2966,#2967);
#2416=AXIS2_PLACEMENT_3D('',#3597,#2972,#2973);
#2417=AXIS2_PLACEMENT_3D('',#3600,#2976,#2977);
#2418=AXIS2_PLACEMENT_3D('',#3602,#2979,#2980);
#2419=AXIS2_PLACEMENT_3D('',#3604,#2982,#2983);
#2420=AXIS2_PLACEMENT_3D('',#3605,#2984,#2985);
#2421=AXIS2_PLACEMENT_3D('',#3614,#2990,#2991);
#2422=AXIS2_PLACEMENT_3D('',#3623,#2996,#2997);
#2423=AXIS2_PLACEMENT_3D('',#3626,#3000,#3001);
#2424=AXIS2_PLACEMENT_3D('',#3628,#3003,#3004);
#2425=AXIS2_PLACEMENT_3D('',#3630,#3006,#3007);
#2426=AXIS2_PLACEMENT_3D('',#3631,#3008,#3009);
#2427=AXIS2_PLACEMENT_3D('',#3640,#3014,#3015);
#2428=AXIS2_PLACEMENT_3D('',#3649,#3020,#3021);
#2429=AXIS2_PLACEMENT_3D('',#3652,#3024,#3025);
#2430=AXIS2_PLACEMENT_3D('',#3654,#3027,#3028);
#2431=AXIS2_PLACEMENT_3D('',#3656,#3030,#3031);
#2432=AXIS2_PLACEMENT_3D('',#3657,#3032,#3033);
#2433=AXIS2_PLACEMENT_3D('',#3666,#3038,#3039);
#2434=AXIS2_PLACEMENT_3D('',#3675,#3044,#3045);
#2435=AXIS2_PLACEMENT_3D('',#3678,#3048,#3049);
#2436=AXIS2_PLACEMENT_3D('',#3680,#3051,#3052);
#2437=AXIS2_PLACEMENT_3D('',#3682,#3054,#3055);
#2438=DIRECTION('axis',(0.,0.,1.));
#2439=DIRECTION('refdir',(1.,0.,0.));
#2440=DIRECTION('center_axis',(0.,0.,1.));
#2441=DIRECTION('ref_axis',(-0.707106781186548,0.707106781186548,0.));
#2442=DIRECTION('center_axis',(0.,0.,-1.));
#2443=DIRECTION('ref_axis',(-0.707106781186548,0.707106781186548,0.));
#2444=DIRECTION('',(0.,0.,-1.));
#2445=DIRECTION('center_axis',(0.,0.,1.));
#2446=DIRECTION('ref_axis',(-0.707106781186548,0.707106781186548,0.));
#2447=DIRECTION('',(0.,0.,1.));
#2448=DIRECTION('center_axis',(0.,1.,0.));
#2449=DIRECTION('ref_axis',(-1.,0.,0.));
#2450=DIRECTION('',(-1.,0.,0.));
#2451=DIRECTION('',(0.,0.,1.));
#2452=DIRECTION('',(1.,0.,0.));
#2453=DIRECTION('center_axis',(0.,0.,1.));
#2454=DIRECTION('ref_axis',(1.,0.,0.));
#2455=DIRECTION('',(0.,-1.,0.));
#2456=DIRECTION('center_axis',(0.,0.,-1.));
#2457=DIRECTION('ref_axis',(-0.707106781186548,-0.707106781186548,0.));
#2458=DIRECTION('',(1.,0.,0.));
#2459=DIRECTION('center_axis',(0.,0.,-1.));
#2460=DIRECTION('ref_axis',(0.707106781186548,-0.707106781186548,0.));
#2461=DIRECTION('',(0.,1.,0.));
#2462=DIRECTION('center_axis',(0.,0.,-1.));
#2463=DIRECTION('ref_axis',(0.707106781186548,0.707106781186548,0.));
#2464=DIRECTION('center_axis',(0.,0.,1.));
#2465=DIRECTION('ref_axis',(0.707106781186548,0.707106781186548,0.));
#2466=DIRECTION('',(0.,0.,-1.));
#2467=DIRECTION('center_axis',(0.,0.,1.));
#2468=DIRECTION('ref_axis',(0.707106781186548,0.707106781186548,0.));
#2469=DIRECTION('center_axis',(1.,0.,0.));
#2470=DIRECTION('ref_axis',(0.,1.,0.));
#2471=DIRECTION('',(0.,0.,1.));
#2472=DIRECTION('',(0.,-1.,0.));
#2473=DIRECTION('center_axis',(0.,0.,1.));
#2474=DIRECTION('ref_axis',(0.707106781186548,-0.707106781186548,0.));
#2475=DIRECTION('',(0.,0.,-1.));
#2476=DIRECTION('center_axis',(0.,0.,1.));
#2477=DIRECTION('ref_axis',(0.707106781186548,-0.707106781186548,0.));
#2478=DIRECTION('center_axis',(0.,-1.,0.));
#2479=DIRECTION('ref_axis',(1.,0.,0.));
#2480=DIRECTION('',(0.,0.,1.));
#2481=DIRECTION('',(-1.,0.,0.));
#2482=DIRECTION('center_axis',(0.,0.,1.));
#2483=DIRECTION('ref_axis',(-0.707106781186548,-0.707106781186548,0.));
#2484=DIRECTION('',(0.,0.,-1.));
#2485=DIRECTION('center_axis',(0.,0.,1.));
#2486=DIRECTION('ref_axis',(-0.707106781186548,-0.707106781186548,0.));
#2487=DIRECTION('center_axis',(-1.,0.,0.));
#2488=DIRECTION('ref_axis',(0.,-1.,0.));
#2489=DIRECTION('',(0.,1.,0.));
#2490=DIRECTION('center_axis',(0.,0.,1.));
#2491=DIRECTION('ref_axis',(1.,0.,0.));
#2492=DIRECTION('center_axis',(-1.,0.,0.));
#2493=DIRECTION('ref_axis',(0.,1.,0.));
#2494=DIRECTION('',(0.,1.,0.));
#2495=DIRECTION('',(0.,0.,-1.));
#2496=DIRECTION('',(0.,1.,0.));
#2497=DIRECTION('',(0.,0.,-1.));
#2498=DIRECTION('center_axis',(0.,-1.,0.));
#2499=DIRECTION('ref_axis',(-1.,0.,0.));
#2500=DIRECTION('',(-1.,0.,0.));
#2501=DIRECTION('',(0.,0.,-1.));
#2502=DIRECTION('',(-1.,0.,0.));
#2503=DIRECTION('center_axis',(1.,0.,0.));
#2504=DIRECTION('ref_axis',(0.,-1.,0.));
#2505=DIRECTION('',(0.,-1.,0.));
#2506=DIRECTION('',(0.,0.,-1.));
#2507=DIRECTION('',(0.,-1.,0.));
#2508=DIRECTION('center_axis',(0.,1.,0.));
#2509=DIRECTION('ref_axis',(1.,0.,0.));
#2510=DIRECTION('',(1.,0.,0.));
#2511=DIRECTION('',(1.,0.,0.));
#2512=DIRECTION('center_axis',(0.,0.,-1.));
#2513=DIRECTION('ref_axis',(-1.,0.,0.));
#2514=DIRECTION('center_axis',(-5.88702168075382E-32,8.83053252113073E-32,
1.));
#2515=DIRECTION('ref_axis',(1.,0.,5.88702168075382E-32));
#2516=DIRECTION('',(-1.,0.,0.));
#2517=DIRECTION('',(0.,1.,0.));
#2518=DIRECTION('',(1.,0.,0.));
#2519=DIRECTION('',(0.,-1.,0.));
#2520=DIRECTION('center_axis',(0.,-0.707106781186548,0.707106781186548));
#2521=DIRECTION('ref_axis',(1.,0.,0.));
#2522=DIRECTION('',(-1.,0.,0.));
#2523=DIRECTION('',(-0.577350269189626,-0.577350269189626,-0.577350269189626));
#2524=DIRECTION('',(0.577350269189626,-0.577350269189626,-0.577350269189626));
#2525=DIRECTION('center_axis',(0.707106781186548,0.,0.707106781186548));
#2526=DIRECTION('ref_axis',(0.707106781186548,0.,-0.707106781186548));
#2527=DIRECTION('',(0.,-1.,0.));
#2528=DIRECTION('',(0.577350269189626,0.577350269189626,-0.577350269189626));
#2529=DIRECTION('center_axis',(0.,0.707106781186548,0.707106781186548));
#2530=DIRECTION('ref_axis',(1.,0.,0.));
#2531=DIRECTION('',(1.,0.,0.));
#2532=DIRECTION('',(-0.577350269189626,0.577350269189626,-0.577350269189626));
#2533=DIRECTION('center_axis',(-0.707106781186548,0.,0.707106781186548));
#2534=DIRECTION('ref_axis',(0.707106781186548,0.,0.707106781186548));
#2535=DIRECTION('',(0.,1.,0.));
#2536=DIRECTION('center_axis',(0.,0.,-1.));
#2537=DIRECTION('ref_axis',(-0.70710678118656,0.707106781186535,0.));
#2538=DIRECTION('center_axis',(0.,0.,1.));
#2539=DIRECTION('ref_axis',(-0.70710678118656,0.707106781186535,0.));
#2540=DIRECTION('',(0.,0.,1.));
#2541=DIRECTION('center_axis',(0.,0.,-1.));
#2542=DIRECTION('ref_axis',(-0.70710678118656,0.707106781186535,0.));
#2543=DIRECTION('',(0.,0.,-1.));
#2544=DIRECTION('center_axis',(6.69906115705077E-17,1.,0.));
#2545=DIRECTION('ref_axis',(1.,-6.69906115705077E-17,0.));
#2546=DIRECTION('',(1.,-6.69906115705077E-17,0.));
#2547=DIRECTION('',(0.,0.,1.));
#2548=DIRECTION('',(1.,-6.69906115705077E-17,0.));
#2549=DIRECTION('center_axis',(0.,0.,1.));
#2550=DIRECTION('ref_axis',(1.,0.,0.));
#2551=DIRECTION('',(0.,1.,0.));
#2552=DIRECTION('center_axis',(0.,0.,-1.));
#2553=DIRECTION('ref_axis',(-0.707106781186535,-0.70710678118656,0.));
#2554=DIRECTION('',(-1.,0.,0.));
#2555=DIRECTION('center_axis',(0.,0.,-1.));
#2556=DIRECTION('ref_axis',(0.707106781186535,-0.70710678118656,0.));
#2557=DIRECTION('',(-2.67962446282031E-16,-1.,0.));
#2558=DIRECTION('center_axis',(0.,0.,-1.));
#2559=DIRECTION('ref_axis',(0.707106781186535,0.70710678118656,0.));
#2560=DIRECTION('center_axis',(0.,0.,-1.));
#2561=DIRECTION('ref_axis',(0.707106781186535,0.70710678118656,0.));
#2562=DIRECTION('center_axis',(0.,0.,1.));
#2563=DIRECTION('ref_axis',(0.707106781186535,0.70710678118656,0.));
#2564=DIRECTION('',(0.,0.,-1.));
#2565=DIRECTION('center_axis',(1.,-2.67962446282031E-16,0.));
#2566=DIRECTION('ref_axis',(-2.67962446282031E-16,-1.,0.));
#2567=DIRECTION('',(0.,0.,1.));
#2568=DIRECTION('',(-2.67962446282031E-16,-1.,0.));
#2569=DIRECTION('center_axis',(0.,0.,-1.));
#2570=DIRECTION('ref_axis',(0.707106781186535,-0.70710678118656,0.));
#2571=DIRECTION('center_axis',(0.,0.,1.));
#2572=DIRECTION('ref_axis',(0.707106781186535,-0.70710678118656,0.));
#2573=DIRECTION('',(0.,0.,-1.));
#2574=DIRECTION('center_axis',(0.,-1.,0.));
#2575=DIRECTION('ref_axis',(-1.,0.,0.));
#2576=DIRECTION('',(0.,0.,1.));
#2577=DIRECTION('',(-1.,0.,0.));
#2578=DIRECTION('center_axis',(0.,0.,-1.));
#2579=DIRECTION('ref_axis',(-0.707106781186535,-0.70710678118656,0.));
#2580=DIRECTION('center_axis',(0.,0.,1.));
#2581=DIRECTION('ref_axis',(-0.707106781186535,-0.70710678118656,0.));
#2582=DIRECTION('',(0.,0.,-1.));
#2583=DIRECTION('center_axis',(-1.,0.,0.));
#2584=DIRECTION('ref_axis',(0.,1.,0.));
#2585=DIRECTION('',(0.,1.,0.));
#2586=DIRECTION('center_axis',(0.,0.,-1.));
#2587=DIRECTION('ref_axis',(-1.,0.,0.));
#2588=DIRECTION('center_axis',(-0.394413820325911,-0.394413820325911,0.829985226779272));
#2589=DIRECTION('ref_axis',(-0.586888182140272,-0.586888182140284,-0.557785373892288));
#2590=DIRECTION('center_axis',(2.51179591712163E-29,2.57459081504967E-29,
-1.));
#2591=DIRECTION('ref_axis',(-0.707106781186543,-0.707106781186552,0.));
#2592=DIRECTION('',(0.394413820325911,0.394413820325911,-0.829985226779272));
#2593=DIRECTION('center_axis',(0.,0.,1.));
#2594=DIRECTION('ref_axis',(-0.707106781186543,-0.707106781186552,0.));
#2595=DIRECTION('',(-0.394413820325911,-0.394413820325911,0.829985226779272));
#2596=DIRECTION('center_axis',(-6.04082726167565E-17,-0.903205441340776,
-0.429208493313465));
#2597=DIRECTION('ref_axis',(0.,0.429208493313465,-0.903205441340776));
#2598=DIRECTION('',(1.,0.,0.));
#2599=DIRECTION('',(-0.394413820325911,-0.394413820325911,0.829985226779272));
#2600=DIRECTION('',(1.,0.,0.));
#2601=DIRECTION('center_axis',(0.,0.,1.));
#2602=DIRECTION('ref_axis',(1.,0.,0.));
#2603=DIRECTION('',(0.,-1.,0.));
#2604=DIRECTION('',(-1.,0.,0.));
#2605=DIRECTION('',(0.,1.,0.));
#2606=DIRECTION('center_axis',(-2.51179591712163E-29,-2.57459081504967E-29,
1.));
#2607=DIRECTION('ref_axis',(1.,0.,2.51179591712163E-29));
#2608=DIRECTION('',(0.,1.,0.));
#2609=DIRECTION('',(-1.,0.,0.));
#2610=DIRECTION('',(0.,-1.,0.));
#2611=DIRECTION('center_axis',(0.903205441340776,0.,0.429208493313465));
#2612=DIRECTION('ref_axis',(0.429208493313465,0.,-0.903205441340776));
#2613=DIRECTION('',(-0.394413820325911,-0.394413820325911,0.829985226779272));
#2614=DIRECTION('center_axis',(0.,0.903205441340776,0.429208493313465));
#2615=DIRECTION('ref_axis',(0.,-0.429208493313465,0.903205441340776));
#2616=DIRECTION('',(-0.394413820325911,-0.394413820325911,0.829985226779272));
#2617=DIRECTION('center_axis',(-0.903205441340776,0.,-0.429208493313465));
#2618=DIRECTION('ref_axis',(-0.429208493313465,0.,0.903205441340776));
#2619=DIRECTION('center_axis',(-0.394413820325911,0.394413820325911,0.829985226779272));
#2620=DIRECTION('ref_axis',(-0.58688818214028,0.58688818214028,-0.557785373892284));
#2621=DIRECTION('center_axis',(2.51179591712163E-29,-2.57459081504967E-29,
-1.));
#2622=DIRECTION('ref_axis',(-0.707106781186547,0.707106781186548,0.));
#2623=DIRECTION('',(0.394413820325911,-0.394413820325911,-0.829985226779272));
#2624=DIRECTION('center_axis',(0.,0.,1.));
#2625=DIRECTION('ref_axis',(-0.707106781186547,0.707106781186548,0.));
#2626=DIRECTION('',(-0.394413820325911,0.394413820325911,0.829985226779272));
#2627=DIRECTION('center_axis',(0.903205441340776,0.,0.429208493313465));
#2628=DIRECTION('ref_axis',(-0.429208493313465,0.,0.903205441340776));
#2629=DIRECTION('',(0.,1.,0.));
#2630=DIRECTION('',(-0.394413820325911,0.394413820325911,0.829985226779272));
#2631=DIRECTION('',(0.,1.,0.));
#2632=DIRECTION('center_axis',(0.,0.,-1.));
#2633=DIRECTION('ref_axis',(1.,0.,0.));
#2634=DIRECTION('',(1.,0.,0.));
#2635=DIRECTION('',(0.,-1.,0.));
#2636=DIRECTION('',(-1.,0.,0.));
#2637=DIRECTION('center_axis',(2.51179591712163E-29,-2.57459081504967E-29,
-1.));
#2638=DIRECTION('ref_axis',(1.,0.,2.51179591712163E-29));
#2639=DIRECTION('',(-1.,0.,0.));
#2640=DIRECTION('',(0.,-1.,0.));
#2641=DIRECTION('',(1.,0.,0.));
#2642=DIRECTION('center_axis',(-0.903205441340776,0.,-0.429208493313465));
#2643=DIRECTION('ref_axis',(0.429208493313465,0.,-0.903205441340776));
#2644=DIRECTION('',(-0.394413820325911,0.394413820325911,0.829985226779272));
#2645=DIRECTION('',(-0.394413820325911,0.394413820325911,0.829985226779272));
#2646=DIRECTION('center_axis',(0.,0.903205441340776,-0.429208493313465));
#2647=DIRECTION('ref_axis',(0.,0.429208493313465,0.903205441340776));
#2648=DIRECTION('center_axis',(6.04082726167565E-17,-0.903205441340776,
0.429208493313465));
#2649=DIRECTION('ref_axis',(0.,-0.429208493313465,-0.903205441340776));
#2650=DIRECTION('center_axis',(0.394413820325911,0.394413820325911,0.829985226779272));
#2651=DIRECTION('ref_axis',(0.586888182140272,0.586888182140284,-0.557785373892288));
#2652=DIRECTION('center_axis',(-2.51179591712163E-29,-2.57459081504967E-29,
-1.));
#2653=DIRECTION('ref_axis',(0.707106781186543,0.707106781186552,0.));
#2654=DIRECTION('',(-0.394413820325911,-0.394413820325911,-0.829985226779272));
#2655=DIRECTION('center_axis',(0.,0.,1.));
#2656=DIRECTION('ref_axis',(0.707106781186543,0.707106781186552,0.));
#2657=DIRECTION('',(0.394413820325911,0.394413820325911,0.829985226779272));
#2658=DIRECTION('center_axis',(6.04082726167565E-17,0.903205441340776,-0.429208493313465));
#2659=DIRECTION('ref_axis',(0.,-0.429208493313465,-0.903205441340776));
#2660=DIRECTION('',(-1.,0.,0.));
#2661=DIRECTION('',(0.394413820325911,0.394413820325911,0.829985226779272));
#2662=DIRECTION('',(-1.,0.,0.));
#2663=DIRECTION('center_axis',(0.,0.,1.));
#2664=DIRECTION('ref_axis',(-1.,0.,0.));
#2665=DIRECTION('',(0.,1.,0.));
#2666=DIRECTION('',(1.,0.,0.));
#2667=DIRECTION('',(0.,-1.,0.));
#2668=DIRECTION('center_axis',(2.51179591712163E-29,2.57459081504967E-29,
1.));
#2669=DIRECTION('ref_axis',(-1.,0.,2.51179591712163E-29));
#2670=DIRECTION('',(0.,-1.,0.));
#2671=DIRECTION('',(1.,0.,0.));
#2672=DIRECTION('',(0.,1.,0.));
#2673=DIRECTION('center_axis',(-0.903205441340776,0.,0.429208493313465));
#2674=DIRECTION('ref_axis',(-0.429208493313465,0.,-0.903205441340776));
#2675=DIRECTION('',(0.394413820325911,0.394413820325911,0.829985226779272));
#2676=DIRECTION('center_axis',(0.,-0.903205441340776,0.429208493313465));
#2677=DIRECTION('ref_axis',(0.,0.429208493313465,0.903205441340776));
#2678=DIRECTION('',(0.394413820325911,0.394413820325911,0.829985226779272));
#2679=DIRECTION('center_axis',(0.903205441340776,0.,-0.429208493313465));
#2680=DIRECTION('ref_axis',(0.429208493313465,0.,0.903205441340776));
#2681=DIRECTION('center_axis',(1.46503656857752E-15,0.707106781186548,-0.707106781186548));
#2682=DIRECTION('ref_axis',(-1.,1.0792769028743E-15,-9.92597681780577E-16));
#2683=DIRECTION('',(-1.,1.03593729232744E-15,-1.03593729232744E-15));
#2684=DIRECTION('',(0.,-0.707106781186548,-0.707106781186547));
#2685=DIRECTION('',(-1.,1.0792769028743E-15,-9.92597681780577E-16));
#2686=DIRECTION('',(0.,0.707106781186548,0.707106781186547));
#2687=DIRECTION('center_axis',(0.866025403784439,0.353553390593274,-0.353553390593274));
#2688=DIRECTION('ref_axis',(-0.5,0.612372435695795,-0.612372435695795));
#2689=DIRECTION('',(-0.5,0.612372435695795,-0.612372435695795));
#2690=DIRECTION('',(0.,-0.707106781186548,-0.707106781186547));
#2691=DIRECTION('',(-0.5,0.612372435695795,-0.612372435695795));
#2692=DIRECTION('',(0.,0.707106781186548,0.707106781186547));
#2693=DIRECTION('center_axis',(0.,-0.707106781186548,-0.707106781186547));
#2694=DIRECTION('ref_axis',(1.,0.,0.));
#2695=DIRECTION('center_axis',(0.,0.707106781186548,0.707106781186547));
#2696=DIRECTION('ref_axis',(1.,0.,0.));
#2697=DIRECTION('center_axis',(0.,-0.707106781186548,-0.707106781186547));
#2698=DIRECTION('ref_axis',(0.,0.707106781186547,-0.707106781186548));
#2699=DIRECTION('center_axis',(0.,-0.707106781186548,-0.707106781186547));
#2700=DIRECTION('ref_axis',(0.,0.707106781186547,-0.707106781186548));
#2701=DIRECTION('center_axis',(0.,-0.707106781186548,-0.707106781186547));
#2702=DIRECTION('ref_axis',(1.,0.,0.));
#2703=DIRECTION('center_axis',(0.,-0.707106781186548,-0.707106781186547));
#2704=DIRECTION('ref_axis',(1.,0.,0.));
#2705=DIRECTION('center_axis',(0.,0.707106781186548,0.707106781186547));
#2706=DIRECTION('ref_axis',(0.,0.707106781186547,-0.707106781186548));
#2707=DIRECTION('center_axis',(0.,-0.707106781186548,-0.707106781186547));
#2708=DIRECTION('ref_axis',(1.,0.,0.));
#2709=DIRECTION('',(0.,0.707106781186548,0.707106781186547));
#2710=DIRECTION('center_axis',(0.,0.707106781186548,0.707106781186547));
#2711=DIRECTION('ref_axis',(1.,0.,0.));
#2712=DIRECTION('center_axis',(0.,0.707106781186548,0.707106781186547));
#2713=DIRECTION('ref_axis',(0.,0.707106781186547,-0.707106781186548));
#2714=DIRECTION('',(0.,0.707106781186548,0.707106781186547));
#2715=DIRECTION('center_axis',(0.,-0.707106781186548,-0.707106781186547));
#2716=DIRECTION('ref_axis',(0.,0.707106781186547,-0.707106781186548));
#2717=DIRECTION('center_axis',(0.,0.707106781186548,0.707106781186547));
#2718=DIRECTION('ref_axis',(-1.,0.,0.));
#2719=DIRECTION('center_axis',(-0.707106781186548,1.5083343713893E-15,-0.707106781186548));
#2720=DIRECTION('ref_axis',(-1.14050924283167E-15,-1.,-9.92597681780577E-16));
#2721=DIRECTION('',(-1.0971696322848E-15,-1.,-1.03593729232744E-15));
#2722=DIRECTION('',(0.707106781186548,-4.32978028117747E-17,-0.707106781186547));
#2723=DIRECTION('',(-1.14050924283167E-15,-1.,-9.92597681780577E-16));
#2724=DIRECTION('',(-0.707106781186548,4.32978028117747E-17,0.707106781186547));
#2725=DIRECTION('center_axis',(-0.353553390593273,0.866025403784439,-0.353553390593274));
#2726=DIRECTION('ref_axis',(-0.612372435695795,-0.5,-0.612372435695795));
#2727=DIRECTION('',(-0.612372435695795,-0.499999999999999,-0.612372435695795));
#2728=DIRECTION('',(0.707106781186548,-4.32978028117747E-17,-0.707106781186547));
#2729=DIRECTION('',(-0.612372435695795,-0.499999999999999,-0.612372435695795));
#2730=DIRECTION('',(-0.707106781186548,4.32978028117747E-17,0.707106781186547));
#2731=DIRECTION('center_axis',(0.707106781186548,-4.32978028117747E-17,
-0.707106781186547));
#2732=DIRECTION('ref_axis',(6.12323399573677E-17,1.,0.));
#2733=DIRECTION('center_axis',(-0.707106781186548,4.32978028117747E-17,
0.707106781186547));
#2734=DIRECTION('ref_axis',(6.12323399573677E-17,1.,0.));
#2735=DIRECTION('center_axis',(0.707106781186548,-4.32978028117747E-17,
-0.707106781186547));
#2736=DIRECTION('ref_axis',(-0.707106781186547,4.32978028117747E-17,-0.707106781186548));
#2737=DIRECTION('center_axis',(0.707106781186548,-4.32978028117747E-17,
-0.707106781186547));
#2738=DIRECTION('ref_axis',(-0.707106781186547,4.32978028117747E-17,-0.707106781186548));
#2739=DIRECTION('center_axis',(0.707106781186548,-4.32978028117747E-17,
-0.707106781186547));
#2740=DIRECTION('ref_axis',(6.12323399573677E-17,1.,0.));
#2741=DIRECTION('center_axis',(0.707106781186548,-4.32978028117747E-17,
-0.707106781186547));
#2742=DIRECTION('ref_axis',(6.12323399573677E-17,1.,0.));
#2743=DIRECTION('center_axis',(-0.707106781186548,4.32978028117747E-17,
0.707106781186547));
#2744=DIRECTION('ref_axis',(-0.707106781186547,4.32978028117747E-17,-0.707106781186548));
#2745=DIRECTION('center_axis',(0.707106781186548,-4.32978028117747E-17,
-0.707106781186547));
#2746=DIRECTION('ref_axis',(6.12323399573677E-17,1.,0.));
#2747=DIRECTION('',(-0.707106781186548,4.32978028117747E-17,0.707106781186547));
#2748=DIRECTION('center_axis',(-0.707106781186548,4.32978028117747E-17,
0.707106781186547));
#2749=DIRECTION('ref_axis',(6.12323399573677E-17,1.,0.));
#2750=DIRECTION('center_axis',(-0.707106781186548,4.32978028117747E-17,
0.707106781186547));
#2751=DIRECTION('ref_axis',(-0.707106781186547,4.32978028117747E-17,-0.707106781186548));
#2752=DIRECTION('',(-0.707106781186548,4.32978028117747E-17,0.707106781186547));
#2753=DIRECTION('center_axis',(0.707106781186548,-4.32978028117747E-17,
-0.707106781186547));
#2754=DIRECTION('ref_axis',(-0.707106781186547,4.32978028117747E-17,-0.707106781186548));
#2755=DIRECTION('center_axis',(-0.707106781186548,4.32978028117747E-17,
0.707106781186547));
#2756=DIRECTION('ref_axis',(-6.12323399573677E-17,-1.,0.));
#2757=DIRECTION('center_axis',(-1.55163217420107E-15,-0.707106781186548,
-0.707106781186548));
#2758=DIRECTION('ref_axis',(1.,-1.20174158278903E-15,-9.92597681780577E-16));
#2759=DIRECTION('',(1.,-1.15840197224217E-15,-1.03593729232744E-15));
#2760=DIRECTION('',(8.65956056235493E-17,0.707106781186548,-0.707106781186547));
#2761=DIRECTION('',(1.,-1.20174158278903E-15,-9.92597681780577E-16));
#2762=DIRECTION('',(-8.65956056235493E-17,-0.707106781186548,0.707106781186547));
#2763=DIRECTION('center_axis',(-0.866025403784439,-0.353553390593273,-0.353553390593274));
#2764=DIRECTION('ref_axis',(0.5,-0.612372435695795,-0.612372435695795));
#2765=DIRECTION('',(0.499999999999999,-0.612372435695795,-0.612372435695795));
#2766=DIRECTION('',(8.65956056235493E-17,0.707106781186548,-0.707106781186547));
#2767=DIRECTION('',(0.499999999999999,-0.612372435695795,-0.612372435695795));
#2768=DIRECTION('',(-8.65956056235493E-17,-0.707106781186548,0.707106781186547));
#2769=DIRECTION('center_axis',(8.65956056235493E-17,0.707106781186548,-0.707106781186547));
#2770=DIRECTION('ref_axis',(-1.,1.22464679914735E-16,0.));
#2771=DIRECTION('center_axis',(-8.65956056235493E-17,-0.707106781186548,
0.707106781186547));
#2772=DIRECTION('ref_axis',(-1.,1.22464679914735E-16,0.));
#2773=DIRECTION('center_axis',(8.65956056235493E-17,0.707106781186548,-0.707106781186547));
#2774=DIRECTION('ref_axis',(-8.65956056235493E-17,-0.707106781186547,-0.707106781186548));
#2775=DIRECTION('center_axis',(8.65956056235493E-17,0.707106781186548,-0.707106781186547));
#2776=DIRECTION('ref_axis',(-8.65956056235493E-17,-0.707106781186547,-0.707106781186548));
#2777=DIRECTION('center_axis',(8.65956056235494E-17,0.707106781186548,-0.707106781186547));
#2778=DIRECTION('ref_axis',(-1.,1.22464679914735E-16,0.));
#2779=DIRECTION('center_axis',(8.65956056235494E-17,0.707106781186548,-0.707106781186547));
#2780=DIRECTION('ref_axis',(-1.,1.22464679914735E-16,0.));
#2781=DIRECTION('center_axis',(-8.65956056235494E-17,-0.707106781186548,
0.707106781186547));
#2782=DIRECTION('ref_axis',(-8.65956056235493E-17,-0.707106781186547,-0.707106781186548));
#2783=DIRECTION('center_axis',(8.65956056235494E-17,0.707106781186548,-0.707106781186547));
#2784=DIRECTION('ref_axis',(-1.,1.22464679914735E-16,0.));
#2785=DIRECTION('',(-8.65956056235493E-17,-0.707106781186548,0.707106781186547));
#2786=DIRECTION('center_axis',(-8.65956056235494E-17,-0.707106781186548,
0.707106781186547));
#2787=DIRECTION('ref_axis',(-1.,1.22464679914735E-16,0.));
#2788=DIRECTION('center_axis',(-8.65956056235494E-17,-0.707106781186548,
0.707106781186547));
#2789=DIRECTION('ref_axis',(-8.65956056235493E-17,-0.707106781186547,-0.707106781186548));
#2790=DIRECTION('',(-8.65956056235494E-17,-0.707106781186548,0.707106781186547));
#2791=DIRECTION('center_axis',(8.65956056235494E-17,0.707106781186548,-0.707106781186547));
#2792=DIRECTION('ref_axis',(-8.65956056235493E-17,-0.707106781186547,-0.707106781186548));
#2793=DIRECTION('center_axis',(-8.65956056235494E-17,-0.707106781186548,
0.707106781186547));
#2794=DIRECTION('ref_axis',(1.,-1.22464679914735E-16,0.));
#2795=DIRECTION('center_axis',(0.707106781186548,-1.59492997701285E-15,
-0.707106781186548));
#2796=DIRECTION('ref_axis',(1.2629739227464E-15,1.,-9.92597681780577E-16));
#2797=DIRECTION('',(1.21963431219954E-15,1.,-1.03593729232744E-15));
#2798=DIRECTION('',(-0.707106781186548,1.29893408435324E-16,-0.707106781186547));
#2799=DIRECTION('',(1.2629739227464E-15,1.,-9.92597681780577E-16));
#2800=DIRECTION('',(0.707106781186548,-1.29893408435324E-16,0.707106781186547));
#2801=DIRECTION('center_axis',(0.353553390593273,-0.866025403784439,-0.353553390593274));
#2802=DIRECTION('ref_axis',(0.612372435695795,0.499999999999999,-0.612372435695795));
#2803=DIRECTION('',(0.612372435695795,0.499999999999999,-0.612372435695795));
#2804=DIRECTION('',(-0.707106781186548,1.29893408435324E-16,-0.707106781186547));
#2805=DIRECTION('',(0.612372435695795,0.499999999999999,-0.612372435695795));
#2806=DIRECTION('',(0.707106781186548,-1.29893408435324E-16,0.707106781186547));
#2807=DIRECTION('center_axis',(-0.707106781186548,1.29893408435324E-16,
-0.707106781186547));
#2808=DIRECTION('ref_axis',(-1.83697019872103E-16,-1.,0.));
#2809=DIRECTION('center_axis',(0.707106781186548,-1.29893408435324E-16,
0.707106781186547));
#2810=DIRECTION('ref_axis',(-1.83697019872103E-16,-1.,0.));
#2811=DIRECTION('center_axis',(-0.707106781186548,1.29893408435324E-16,
-0.707106781186547));
#2812=DIRECTION('ref_axis',(0.707106781186547,-1.29893408435324E-16,-0.707106781186548));
#2813=DIRECTION('center_axis',(-0.707106781186548,1.29893408435324E-16,
-0.707106781186547));
#2814=DIRECTION('ref_axis',(0.707106781186547,-1.29893408435324E-16,-0.707106781186548));
#2815=DIRECTION('center_axis',(-0.707106781186548,1.29893408435324E-16,
-0.707106781186547));
#2816=DIRECTION('ref_axis',(-1.83697019872103E-16,-1.,0.));
#2817=DIRECTION('center_axis',(-0.707106781186548,1.29893408435324E-16,
-0.707106781186547));
#2818=DIRECTION('ref_axis',(-1.83697019872103E-16,-1.,0.));
#2819=DIRECTION('center_axis',(0.707106781186548,-1.29893408435324E-16,
0.707106781186547));
#2820=DIRECTION('ref_axis',(0.707106781186547,-1.29893408435324E-16,-0.707106781186548));
#2821=DIRECTION('center_axis',(-0.707106781186548,1.29893408435324E-16,
-0.707106781186547));
#2822=DIRECTION('ref_axis',(-1.83697019872103E-16,-1.,0.));
#2823=DIRECTION('',(0.707106781186548,-1.29893408435324E-16,0.707106781186547));
#2824=DIRECTION('center_axis',(0.707106781186548,-1.29893408435324E-16,
0.707106781186547));
#2825=DIRECTION('ref_axis',(-1.83697019872103E-16,-1.,0.));
#2826=DIRECTION('center_axis',(0.707106781186548,-1.29893408435324E-16,
0.707106781186547));
#2827=DIRECTION('ref_axis',(0.707106781186547,-1.29893408435324E-16,-0.707106781186548));
#2828=DIRECTION('',(0.707106781186548,-1.29893408435324E-16,0.707106781186547));
#2829=DIRECTION('center_axis',(-0.707106781186548,1.29893408435324E-16,
-0.707106781186547));
#2830=DIRECTION('ref_axis',(0.707106781186547,-1.29893408435324E-16,-0.707106781186548));
#2831=DIRECTION('center_axis',(0.707106781186548,-1.29893408435324E-16,
0.707106781186547));
#2832=DIRECTION('ref_axis',(1.83697019872103E-16,1.,0.));
#2833=DIRECTION('center_axis',(0.394413820325911,-0.394413820325911,0.829985226779272));
#2834=DIRECTION('ref_axis',(0.58688818214028,-0.58688818214028,-0.557785373892284));
#2835=DIRECTION('center_axis',(-2.51179591712163E-29,2.57459081504967E-29,
-1.));
#2836=DIRECTION('ref_axis',(0.707106781186547,-0.707106781186548,0.));
#2837=DIRECTION('',(-0.394413820325911,0.394413820325911,-0.829985226779272));
#2838=DIRECTION('center_axis',(0.,0.,1.));
#2839=DIRECTION('ref_axis',(0.707106781186547,-0.707106781186548,0.));
#2840=DIRECTION('',(0.394413820325911,-0.394413820325911,0.829985226779272));
#2841=DIRECTION('center_axis',(-0.903205441340776,0.,0.429208493313465));
#2842=DIRECTION('ref_axis',(0.429208493313465,0.,0.903205441340776));
#2843=DIRECTION('',(0.,-1.,0.));
#2844=DIRECTION('',(0.394413820325911,-0.394413820325911,0.829985226779272));
#2845=DIRECTION('',(0.,-1.,0.));
#2846=DIRECTION('center_axis',(0.,0.,-1.));
#2847=DIRECTION('ref_axis',(-1.,0.,0.));
#2848=DIRECTION('',(-1.,0.,0.));
#2849=DIRECTION('',(0.,1.,0.));
#2850=DIRECTION('',(1.,0.,0.));
#2851=DIRECTION('center_axis',(-2.51179591712163E-29,2.57459081504967E-29,
-1.));
#2852=DIRECTION('ref_axis',(-1.,0.,2.51179591712163E-29));
#2853=DIRECTION('',(1.,0.,0.));
#2854=DIRECTION('',(0.,1.,0.));
#2855=DIRECTION('',(-1.,0.,0.));
#2856=DIRECTION('center_axis',(0.903205441340776,0.,-0.429208493313465));
#2857=DIRECTION('ref_axis',(-0.429208493313465,0.,-0.903205441340776));
#2858=DIRECTION('',(0.394413820325911,-0.394413820325911,0.829985226779272));
#2859=DIRECTION('',(0.394413820325911,-0.394413820325911,0.829985226779272));
#2860=DIRECTION('center_axis',(0.,-0.903205441340776,-0.429208493313465));
#2861=DIRECTION('ref_axis',(0.,-0.429208493313465,0.903205441340776));
#2862=DIRECTION('center_axis',(-6.04082726167565E-17,0.903205441340776,
0.429208493313465));
#2863=DIRECTION('ref_axis',(0.,0.429208493313465,-0.903205441340776));
#2864=DIRECTION('center_axis',(0.903205441340775,3.26517994683634E-16,0.429208493313466));
#2865=DIRECTION('ref_axis',(0.429208493313466,0.,-0.903205441340775));
#2866=DIRECTION('',(1.23259516440783E-32,-1.,0.));
#2867=DIRECTION('',(-0.394413820325911,-0.394413820325911,0.829985226779272));
#2868=DIRECTION('',(-1.23259516440783E-32,1.,0.));
#2869=DIRECTION('',(0.394413820325911,0.394413820325911,-0.829985226779272));
#2870=DIRECTION('center_axis',(0.903205441340776,9.6992067156396E-17,-0.429208493313465));
#2871=DIRECTION('ref_axis',(-0.429208493313465,0.,-0.903205441340776));
#2872=DIRECTION('',(0.,-1.,0.));
#2873=DIRECTION('',(-0.394413820325911,0.394413820325911,-0.829985226779272));
#2874=DIRECTION('',(0.,1.,0.));
#2875=DIRECTION('',(0.394413820325911,-0.394413820325911,0.829985226779272));
#2876=DIRECTION('center_axis',(1.01436288879914E-16,0.,-1.));
#2877=DIRECTION('ref_axis',(-1.,0.,-1.01436288879914E-16));
#2878=DIRECTION('',(-1.,0.,-1.01436288879914E-16));
#2879=DIRECTION('',(-1.,0.,-2.02872577759829E-16));
#2880=DIRECTION('center_axis',(3.13791167146561E-17,-0.903205441340776,
-0.429208493313465));
#2881=DIRECTION('ref_axis',(0.,0.429208493313465,-0.903205441340776));
#2882=DIRECTION('',(-1.,0.,-1.88977445779265E-16));
#2883=DIRECTION('center_axis',(-1.88977445779265E-16,0.,1.));
#2884=DIRECTION('ref_axis',(1.,0.,1.88977445779265E-16));
#2885=DIRECTION('',(-1.,0.,0.));
#2886=DIRECTION('center_axis',(0.,0.903205441340776,0.429208493313465));
#2887=DIRECTION('ref_axis',(0.,-0.429208493313465,0.903205441340776));
#2888=DIRECTION('center_axis',(-2.71212612048111E-16,0.903205441340775,
0.429208493313466));
#2889=DIRECTION('ref_axis',(2.62814403751597E-17,0.429208493313466,-0.903205441340775));
#2890=DIRECTION('',(1.,-6.12323399573676E-17,0.));
#2891=DIRECTION('',(0.394413820325911,-0.394413820325911,0.829985226779272));
#2892=DIRECTION('',(-1.,6.12323399573676E-17,0.));
#2893=DIRECTION('',(-0.394413820325911,0.394413820325911,-0.829985226779272));
#2894=DIRECTION('center_axis',(-4.16866845208733E-17,0.903205441340776,
-0.429208493313465));
#2895=DIRECTION('ref_axis',(-2.62814403751596E-17,-0.429208493313465,-0.903205441340776));
#2896=DIRECTION('',(1.,-6.12323399573677E-17,0.));
#2897=DIRECTION('',(-0.394413820325911,-0.394413820325911,-0.829985226779272));
#2898=DIRECTION('',(-1.,6.12323399573677E-17,0.));
#2899=DIRECTION('',(0.394413820325911,0.394413820325911,0.829985226779272));
#2900=DIRECTION('center_axis',(6.21118132470867E-33,1.01436288879914E-16,
-1.));
#2901=DIRECTION('ref_axis',(-6.12323399573677E-17,-1.,-1.01436288879914E-16));
#2902=DIRECTION('',(-6.12323399573677E-17,-1.,-1.01436288879914E-16));
#2903=DIRECTION('',(-6.12323399573677E-17,-1.,-2.02872577759829E-16));
#2904=DIRECTION('center_axis',(0.903205441340776,-2.39262659208666E-17,
-0.429208493313465));
#2905=DIRECTION('ref_axis',(-0.429208493313465,2.62814403751597E-17,-0.903205441340776));
#2906=DIRECTION('',(-6.12323399573677E-17,-1.,-1.88977445779265E-16));
#2907=DIRECTION('center_axis',(-1.1571531204231E-32,-1.88977445779265E-16,
1.));
#2908=DIRECTION('ref_axis',(6.12323399573677E-17,1.,1.88977445779265E-16));
#2909=DIRECTION('',(-6.12323399573677E-17,-1.,0.));
#2910=DIRECTION('center_axis',(-0.903205441340776,5.53053826355227E-17,
0.429208493313465));
#2911=DIRECTION('ref_axis',(0.429208493313465,-2.62814403751596E-17,0.903205441340776));
#2912=DIRECTION('center_axis',(-0.903205441340775,-2.15907229412588E-16,
0.429208493313466));
#2913=DIRECTION('ref_axis',(-0.429208493313466,5.25628807503194E-17,-0.903205441340775));
#2914=DIRECTION('',(1.22464679914735E-16,1.,0.));
#2915=DIRECTION('',(0.394413820325911,0.394413820325911,0.829985226779272));
#2916=DIRECTION('',(-1.22464679914735E-16,-1.,0.));
#2917=DIRECTION('',(-0.394413820325911,-0.394413820325911,-0.829985226779272));
#2918=DIRECTION('center_axis',(-0.903205441340776,1.36186981146494E-17,
-0.429208493313465));
#2919=DIRECTION('ref_axis',(0.429208493313465,-5.25628807503193E-17,-0.903205441340776));
#2920=DIRECTION('',(1.22464679914735E-16,1.,0.));
#2921=DIRECTION('',(0.394413820325911,-0.394413820325911,-0.829985226779272));
#2922=DIRECTION('',(-1.22464679914735E-16,-1.,0.));
#2923=DIRECTION('',(-0.394413820325911,0.394413820325911,0.829985226779272));
#2924=DIRECTION('center_axis',(-1.01436288879914E-16,1.24223626494173E-32,
-1.));
#2925=DIRECTION('ref_axis',(1.,-1.22464679914735E-16,-1.01436288879914E-16));
#2926=DIRECTION('',(1.,-1.22464679914735E-16,-1.01436288879914E-16));
#2927=DIRECTION('',(1.,-1.22464679914735E-16,-2.02872577759829E-16));
#2928=DIRECTION('center_axis',(7.92316485563893E-17,0.903205441340776,-0.429208493313465));
#2929=DIRECTION('ref_axis',(-5.25628807503193E-17,-0.429208493313465,-0.903205441340776));
#2930=DIRECTION('',(1.,-1.22464679914735E-16,-1.88977445779265E-16));
#2931=DIRECTION('center_axis',(1.88977445779265E-16,-2.31430624084619E-32,
1.));
#2932=DIRECTION('ref_axis',(-1.,1.22464679914735E-16,1.88977445779265E-16));
#2933=DIRECTION('',(1.,-1.22464679914735E-16,0.));
#2934=DIRECTION('center_axis',(-1.10610765271045E-16,-0.903205441340776,
0.429208493313465));
#2935=DIRECTION('ref_axis',(5.25628807503193E-17,0.429208493313465,0.903205441340776));
#2936=DIRECTION('center_axis',(1.60601846777066E-16,-0.903205441340775,
0.429208493313466));
#2937=DIRECTION('ref_axis',(-7.88443211254791E-17,-0.429208493313466,-0.903205441340775));
#2938=DIRECTION('',(-1.,1.83697019872103E-16,0.));
#2939=DIRECTION('',(-0.394413820325911,0.394413820325911,0.829985226779272));
#2940=DIRECTION('',(1.,-1.83697019872103E-16,0.));
#2941=DIRECTION('',(0.394413820325911,-0.394413820325911,-0.829985226779272));
#2942=DIRECTION('center_axis',(-6.8924080750172E-17,-0.903205441340776,
-0.429208493313465));
#2943=DIRECTION('ref_axis',(7.88443211254789E-17,0.429208493313465,-0.903205441340776));
#2944=DIRECTION('',(-1.,1.83697019872103E-16,0.));
#2945=DIRECTION('',(0.394413820325911,0.394413820325911,-0.829985226779272));
#2946=DIRECTION('',(1.,-1.83697019872103E-16,0.));
#2947=DIRECTION('',(-0.394413820325911,-0.394413820325911,0.829985226779272));
#2948=DIRECTION('center_axis',(-1.8633543974126E-32,-1.01436288879914E-16,
-1.));
#2949=DIRECTION('ref_axis',(1.83697019872103E-16,1.,-1.01436288879914E-16));
#2950=DIRECTION('',(1.83697019872103E-16,1.,-1.01436288879914E-16));
#2951=DIRECTION('',(1.83697019872103E-16,1.,-2.02872577759829E-16));
#2952=DIRECTION('center_axis',(-0.903205441340776,1.34537031191912E-16,
-0.429208493313465));
#2953=DIRECTION('ref_axis',(0.429208493313465,-7.88443211254789E-17,-0.903205441340776));
#2954=DIRECTION('',(1.83697019872103E-16,1.,-1.88977445779265E-16));
#2955=DIRECTION('center_axis',(3.47145936126929E-32,1.88977445779265E-16,
1.));
#2956=DIRECTION('ref_axis',(-1.83697019872103E-16,-1.,1.88977445779265E-16));
#2957=DIRECTION('',(1.83697019872103E-16,1.,0.));
#2958=DIRECTION('center_axis',(0.903205441340776,-1.65916147906568E-16,
0.429208493313465));
#2959=DIRECTION('ref_axis',(-0.429208493313465,7.88443211254789E-17,0.903205441340776));
#2960=DIRECTION('center_axis',(4.09906138456946E-17,0.903205441340776,0.429208493313465));
#2961=DIRECTION('ref_axis',(2.62814403751596E-17,0.429208493313465,-0.903205441340776));
#2962=DIRECTION('',(-0.394413820325911,0.394413820325911,-0.829985226779272));
#2963=DIRECTION('',(1.,-6.12323399573677E-17,1.23259516440783E-32));
#2964=DIRECTION('',(0.394413820325911,-0.394413820325911,0.829985226779272));
#2965=DIRECTION('',(-1.,6.12323399573677E-17,-1.23259516440783E-32));
#2966=DIRECTION('center_axis',(2.76288615131953E-16,0.903205441340776,-0.429208493313465));
#2967=DIRECTION('ref_axis',(-2.62814403751597E-17,-0.429208493313465,-0.903205441340776));
#2968=DIRECTION('',(-0.394413820325911,-0.394413820325911,-0.829985226779272));
#2969=DIRECTION('',(-1.,6.12323399573677E-17,0.));
#2970=DIRECTION('',(0.394413820325911,0.394413820325911,0.829985226779272));
#2971=DIRECTION('',(1.,-6.12323399573677E-17,0.));
#2972=DIRECTION('center_axis',(-0.903205441340776,2.22415889138216E-16,
0.429208493313465));
#2973=DIRECTION('ref_axis',(0.429208493313465,-2.62814403751596E-17,0.903205441340776));
#2974=DIRECTION('',(-6.12323399573677E-17,-1.,1.64981575949666E-16));
#2975=DIRECTION('',(-4.40679158639122E-16,-1.,0.));
#2976=DIRECTION('center_axis',(-1.01022079452522E-32,-1.64981575949666E-16,
-1.));
#2977=DIRECTION('ref_axis',(-6.12323399573677E-17,-1.,1.64981575949666E-16));
#2978=DIRECTION('',(4.87553773424099E-17,-1.,-2.74969293249444E-16));
#2979=DIRECTION('center_axis',(0.903205441340776,1.98219800002143E-16,-0.429208493313465));
#2980=DIRECTION('ref_axis',(-0.429208493313465,2.62814403751596E-17,-0.903205441340776));
#2981=DIRECTION('',(-6.12323399573677E-17,-1.,0.));
#2982=DIRECTION('center_axis',(0.,0.,1.));
#2983=DIRECTION('ref_axis',(6.12323399573677E-17,1.,0.));
#2984=DIRECTION('center_axis',(-0.903205441340776,9.62959964812173E-17,
0.429208493313465));
#2985=DIRECTION('ref_axis',(-0.429208493313465,5.25628807503193E-17,-0.903205441340776));
#2986=DIRECTION('',(-0.394413820325911,-0.394413820325911,-0.829985226779272));
#2987=DIRECTION('',(1.22464679914735E-16,1.,1.23259516440783E-32));
#2988=DIRECTION('',(0.394413820325911,0.394413820325911,0.829985226779272));
#2989=DIRECTION('',(-1.22464679914735E-16,-1.,-1.23259516440783E-32));
#2990=DIRECTION('center_axis',(-0.903205441340776,3.31593997767475E-16,
-0.429208493313465));
#2991=DIRECTION('ref_axis',(0.429208493313465,-5.25628807503193E-17,-0.903205441340776));
#2992=DIRECTION('',(0.394413820325911,-0.394413820325911,-0.829985226779272));
#2993=DIRECTION('',(-1.22464679914735E-16,-1.,0.));
#2994=DIRECTION('',(-0.394413820325911,0.394413820325911,0.829985226779272));
#2995=DIRECTION('',(1.22464679914735E-16,1.,0.));
#2996=DIRECTION('center_axis',(-2.77721271773739E-16,-0.903205441340776,
0.429208493313465));
#2997=DIRECTION('ref_axis',(5.25628807503193E-17,0.429208493313465,0.903205441340776));
#2998=DIRECTION('',(1.,-1.22464679914735E-16,1.64981575949666E-16));
#2999=DIRECTION('',(1.,-5.0191149859649E-16,0.));
#3000=DIRECTION('center_axis',(1.64981575949666E-16,-2.02044158905045E-32,
-1.));
#3001=DIRECTION('ref_axis',(1.,-1.22464679914735E-16,1.64981575949666E-16));
#3002=DIRECTION('',(1.,-1.24769626149578E-17,-2.74969293249444E-16));
#3003=DIRECTION('center_axis',(-1.4291441736662E-16,0.903205441340776,-0.429208493313465));
#3004=DIRECTION('ref_axis',(-5.25628807503193E-17,-0.429208493313465,-0.903205441340776));
#3005=DIRECTION('',(1.,-1.22464679914735E-16,0.));
#3006=DIRECTION('center_axis',(0.,0.,1.));
#3007=DIRECTION('ref_axis',(-1.,1.22464679914735E-16,0.));
#3008=DIRECTION('center_axis',(-1.5160137911674E-16,-0.903205441340776,
0.429208493313465));
#3009=DIRECTION('ref_axis',(-7.88443211254789E-17,-0.429208493313465,-0.903205441340776));
#3010=DIRECTION('',(0.394413820325911,-0.394413820325911,-0.829985226779272));
#3011=DIRECTION('',(-1.,1.83697019872103E-16,1.23259516440783E-32));
#3012=DIRECTION('',(-0.394413820325911,0.394413820325911,0.829985226779272));
#3013=DIRECTION('',(1.,-1.83697019872103E-16,-1.23259516440783E-32));
#3014=DIRECTION('center_axis',(-3.86899380402998E-16,-0.903205441340776,
-0.429208493313465));
#3015=DIRECTION('ref_axis',(7.88443211254789E-17,0.429208493313465,-0.903205441340776));
#3016=DIRECTION('',(0.394413820325911,0.394413820325911,-0.829985226779272));
#3017=DIRECTION('',(1.,-1.83697019872103E-16,0.));
#3018=DIRECTION('',(-0.394413820325911,-0.394413820325911,0.829985226779272));
#3019=DIRECTION('',(-1.,1.83697019872103E-16,0.));
#3020=DIRECTION('center_axis',(0.903205441340776,-3.33026654409262E-16,
0.429208493313465));
#3021=DIRECTION('ref_axis',(-0.429208493313465,7.88443211254789E-17,0.903205441340776));
#3022=DIRECTION('',(1.83697019872103E-16,1.,1.64981575949666E-16));
#3023=DIRECTION('',(5.63143838553858E-16,1.,0.));
#3024=DIRECTION('center_axis',(3.03066238357567E-32,1.64981575949666E-16,
-1.));
#3025=DIRECTION('ref_axis',(1.83697019872103E-16,1.,1.64981575949666E-16));
#3026=DIRECTION('',(7.37093025723254E-17,1.,-2.74969293249444E-16));
#3027=DIRECTION('center_axis',(-0.903205441340776,-8.76090347310974E-17,
-0.429208493313465));
#3028=DIRECTION('ref_axis',(0.429208493313465,-7.88443211254789E-17,-0.903205441340776));
#3029=DIRECTION('',(1.83697019872103E-16,1.,0.));
#3030=DIRECTION('center_axis',(0.,0.,1.));
#3031=DIRECTION('ref_axis',(-1.83697019872103E-16,-1.,0.));
#3032=DIRECTION('center_axis',(0.903205441340776,1.43147687898281E-17,0.429208493313465));
#3033=DIRECTION('ref_axis',(0.429208493313465,0.,-0.903205441340776));
#3034=DIRECTION('',(0.394413820325911,0.394413820325911,-0.829985226779272));
#3035=DIRECTION('',(-1.23259516440783E-32,-1.,1.23259516440783E-32));
#3036=DIRECTION('',(-0.394413820325911,-0.394413820325911,0.829985226779272));
#3037=DIRECTION('',(1.23259516440783E-32,1.,-1.23259516440783E-32));
#3038=DIRECTION('center_axis',(0.903205441340776,-2.2098323249643E-16,-0.429208493313465));
#3039=DIRECTION('ref_axis',(-0.429208493313465,0.,-0.903205441340776));
#3040=DIRECTION('',(-0.394413820325911,0.394413820325911,-0.829985226779272));
#3041=DIRECTION('',(0.,1.,0.));
#3042=DIRECTION('',(0.394413820325911,-0.394413820325911,0.829985226779272));
#3043=DIRECTION('',(0.,-1.,0.));
#3044=DIRECTION('center_axis',(1.67110506502694E-16,0.903205441340776,0.429208493313465));
#3045=DIRECTION('ref_axis',(0.,-0.429208493313465,0.903205441340776));
#3046=DIRECTION('',(-1.,0.,1.64981575949666E-16));
#3047=DIRECTION('',(-1.,3.79446818681755E-16,0.));
#3048=DIRECTION('center_axis',(-1.64981575949666E-16,0.,-1.));
#3049=DIRECTION('ref_axis',(-1.,0.,1.64981575949666E-16));
#3050=DIRECTION('',(-1.,-1.09987717299778E-16,-2.74969293249444E-16));
#3051=DIRECTION('center_axis',(2.53525182637665E-16,-0.903205441340776,
-0.429208493313465));
#3052=DIRECTION('ref_axis',(0.,0.429208493313465,-0.903205441340776));
#3053=DIRECTION('',(-1.,0.,0.));
#3054=DIRECTION('center_axis',(0.,0.,1.));
#3055=DIRECTION('ref_axis',(1.,0.,0.));
#3056=CARTESIAN_POINT('',(0.,0.,0.));
#3057=CARTESIAN_POINT('Origin',(-56.5,56.5,0.));
#3058=CARTESIAN_POINT('',(-57.5,56.5,10.));
#3059=CARTESIAN_POINT('',(-56.5,57.5,10.));
#3060=CARTESIAN_POINT('Origin',(-56.5,56.5,10.));
#3061=CARTESIAN_POINT('',(-56.5,57.5,0.));
#3062=CARTESIAN_POINT('',(-56.5,57.5,0.));
#3063=CARTESIAN_POINT('',(-57.5,56.5,0.));
#3064=CARTESIAN_POINT('Origin',(-56.5,56.5,0.));
#3065=CARTESIAN_POINT('',(-57.5,56.5,0.));
#3066=CARTESIAN_POINT('Origin',(57.5,57.5,0.));
#3067=CARTESIAN_POINT('',(56.5,57.5,10.));
#3068=CARTESIAN_POINT('',(-57.5,57.5,10.));
#3069=CARTESIAN_POINT('',(56.5,57.5,0.));
#3070=CARTESIAN_POINT('',(56.5,57.5,0.));
#3071=CARTESIAN_POINT('',(-57.5,57.5,0.));
#3072=CARTESIAN_POINT('Origin',(0.,0.,10.));
#3073=CARTESIAN_POINT('',(-57.5,-56.5,10.));
#3074=CARTESIAN_POINT('',(-57.5,-57.5,10.));
#3075=CARTESIAN_POINT('',(-56.5,-57.5,10.));
#3076=CARTESIAN_POINT('Origin',(-56.5,-56.5,10.));
#3077=CARTESIAN_POINT('',(56.5,-57.5,10.));
#3078=CARTESIAN_POINT('',(57.5,-57.5,10.));
#3079=CARTESIAN_POINT('',(57.5,-56.5,10.));
#3080=CARTESIAN_POINT('Origin',(56.5,-56.5,10.));
#3081=CARTESIAN_POINT('',(57.5,56.5,10.));
#3082=CARTESIAN_POINT('',(57.5,57.5,10.));
#3083=CARTESIAN_POINT('Origin',(56.5,56.5,10.));
#3084=CARTESIAN_POINT('Origin',(56.5,56.5,0.));
#3085=CARTESIAN_POINT('',(57.5,56.5,0.));
#3086=CARTESIAN_POINT('',(57.5,56.5,0.));
#3087=CARTESIAN_POINT('Origin',(56.5,56.5,0.));
#3088=CARTESIAN_POINT('Origin',(57.5,-57.5,0.));
#3089=CARTESIAN_POINT('',(57.5,-56.5,0.));
#3090=CARTESIAN_POINT('',(57.5,-56.5,0.));
#3091=CARTESIAN_POINT('',(57.5,57.5,0.));
#3092=CARTESIAN_POINT('Origin',(56.5,-56.5,0.));
#3093=CARTESIAN_POINT('',(56.5,-57.5,0.));
#3094=CARTESIAN_POINT('',(56.5,-57.5,0.));
#3095=CARTESIAN_POINT('Origin',(56.5,-56.5,0.));
#3096=CARTESIAN_POINT('Origin',(-57.5,-57.5,0.));
#3097=CARTESIAN_POINT('',(-56.5,-57.5,0.));
#3098=CARTESIAN_POINT('',(-56.5,-57.5,0.));
#3099=CARTESIAN_POINT('',(57.5,-57.5,0.));
#3100=CARTESIAN_POINT('Origin',(-56.5,-56.5,0.));
#3101=CARTESIAN_POINT('',(-57.5,-56.5,0.));
#3102=CARTESIAN_POINT('',(-57.5,-56.5,0.));
#3103=CARTESIAN_POINT('Origin',(-56.5,-56.5,0.));
#3104=CARTESIAN_POINT('Origin',(-57.5,57.5,0.));
#3105=CARTESIAN_POINT('',(-57.5,-57.5,0.));
#3106=CARTESIAN_POINT('Origin',(0.,0.,0.));
#3107=CARTESIAN_POINT('Origin',(-91.5825,-91.5825,178.));
#3108=CARTESIAN_POINT('',(-91.5825,-91.5825,178.));
#3109=CARTESIAN_POINT('',(-91.5825,91.5824999999999,178.));
#3110=CARTESIAN_POINT('',(-91.5825,-45.79125,178.));
#3111=CARTESIAN_POINT('',(-91.5825,-91.5825,158.));
#3112=CARTESIAN_POINT('',(-91.5825,-91.5825,178.));
#3113=CARTESIAN_POINT('',(-91.5825,91.5824999999999,158.));
#3114=CARTESIAN_POINT('',(-91.5825,-91.5825,158.));
#3115=CARTESIAN_POINT('',(-91.5825,91.5824999999999,178.));
#3116=CARTESIAN_POINT('Origin',(91.5825,-91.5825,178.));
#3117=CARTESIAN_POINT('',(91.5825,-91.5825,178.));
#3118=CARTESIAN_POINT('',(45.79125,-91.5825,178.));
#3119=CARTESIAN_POINT('',(91.5825,-91.5825,158.));
#3120=CARTESIAN_POINT('',(91.5825,-91.5825,178.));
#3121=CARTESIAN_POINT('',(91.5825,-91.5825,158.));
#3122=CARTESIAN_POINT('Origin',(91.5825,91.5824999999999,178.));
#3123=CARTESIAN_POINT('',(91.5825,91.5824999999999,178.));
#3124=CARTESIAN_POINT('',(91.5825,45.79125,178.));
#3125=CARTESIAN_POINT('',(91.5825,91.5824999999999,158.));
#3126=CARTESIAN_POINT('',(91.5825,91.5824999999999,178.));
#3127=CARTESIAN_POINT('',(91.5825,91.5824999999999,158.));
#3128=CARTESIAN_POINT('Origin',(-91.5825,91.5824999999999,178.));
#3129=CARTESIAN_POINT('',(-45.79125,91.5824999999999,178.));
#3130=CARTESIAN_POINT('',(-91.5825,91.5824999999999,158.));
#3131=CARTESIAN_POINT('Origin',(0.,0.,158.));
#3132=CARTESIAN_POINT('Origin',(-1.94289029309402E-15,7.56970244062607E-17,
70.4175));
#3133=CARTESIAN_POINT('',(5.,5.,70.4175));
#3134=CARTESIAN_POINT('',(-5.,5.,70.4175));
#3135=CARTESIAN_POINT('',(-5.,5.,70.4175));
#3136=CARTESIAN_POINT('',(5.,-5.,70.4175));
#3137=CARTESIAN_POINT('',(5.,5.,70.4175));
#3138=CARTESIAN_POINT('',(-5.,-5.,70.4175));
#3139=CARTESIAN_POINT('',(5.,-5.,70.4175));
#3140=CARTESIAN_POINT('',(-5.,-5.,70.4175));
#3141=CARTESIAN_POINT('Origin',(102.5825,102.5825,168.));
#3142=CARTESIAN_POINT('',(102.5825,102.5825,168.));
#3143=CARTESIAN_POINT('',(-102.5825,102.5825,168.));
#3144=CARTESIAN_POINT('',(51.29125,102.5825,168.));
#3145=CARTESIAN_POINT('',(102.5825,102.5825,168.));
#3146=CARTESIAN_POINT('',(-102.5825,102.5825,168.));
#3147=CARTESIAN_POINT('Origin',(-102.5825,102.5825,168.));
#3148=CARTESIAN_POINT('',(-102.5825,-102.5825,168.));
#3149=CARTESIAN_POINT('',(-102.5825,51.29125,168.));
#3150=CARTESIAN_POINT('',(-102.5825,-102.5825,168.));
#3151=CARTESIAN_POINT('Origin',(-102.5825,-102.5825,168.));
#3152=CARTESIAN_POINT('',(102.5825,-102.5825,168.));
#3153=CARTESIAN_POINT('',(-51.29125,-102.5825,168.));
#3154=CARTESIAN_POINT('',(102.5825,-102.5825,168.));
#3155=CARTESIAN_POINT('Origin',(102.5825,-102.5825,168.));
#3156=CARTESIAN_POINT('',(102.5825,-51.29125,168.));
#3157=CARTESIAN_POINT('Origin',(-131.582521472478,131.582521472478,178.));
#3158=CARTESIAN_POINT('',(-131.582521472478,132.582521472478,168.));
#3159=CARTESIAN_POINT('',(-132.582521472478,131.582521472478,168.));
#3160=CARTESIAN_POINT('Origin',(-131.582521472478,131.582521472478,168.));
#3161=CARTESIAN_POINT('',(-132.582521472478,131.582521472478,178.));
#3162=CARTESIAN_POINT('',(-132.582521472478,131.582521472478,178.));
#3163=CARTESIAN_POINT('',(-131.582521472478,132.582521472478,178.));
#3164=CARTESIAN_POINT('Origin',(-131.582521472478,131.582521472478,178.));
#3165=CARTESIAN_POINT('',(-131.582521472478,132.582521472478,178.));
#3166=CARTESIAN_POINT('Origin',(-132.582521472478,132.582521472478,178.));
#3167=CARTESIAN_POINT('',(131.582521472478,132.582521472478,178.));
#3168=CARTESIAN_POINT('',(-132.582521472478,132.582521472478,178.));
#3169=CARTESIAN_POINT('',(131.582521472478,132.582521472478,168.));
#3170=CARTESIAN_POINT('',(131.582521472478,132.582521472478,178.));
#3171=CARTESIAN_POINT('',(-132.582521472478,132.582521472478,168.));
#3172=CARTESIAN_POINT('Origin',(1.77635683940025E-14,1.77635683940025E-14,
178.));
#3173=CARTESIAN_POINT('',(-132.582521472478,-131.582521472478,178.));
#3174=CARTESIAN_POINT('',(-132.582521472478,-132.582521472478,178.));
#3175=CARTESIAN_POINT('',(-131.582521472478,-132.582521472478,178.));
#3176=CARTESIAN_POINT('Origin',(-131.582521472478,-131.582521472478,178.));
#3177=CARTESIAN_POINT('',(131.582521472478,-132.582521472478,178.));
#3178=CARTESIAN_POINT('',(132.582521472478,-132.582521472478,178.));
#3179=CARTESIAN_POINT('',(132.582521472478,-131.582521472478,178.));
#3180=CARTESIAN_POINT('Origin',(131.582521472478,-131.582521472478,178.));
#3181=CARTESIAN_POINT('',(132.582521472478,131.582521472478,178.));
#3182=CARTESIAN_POINT('',(132.582521472478,132.582521472478,178.));
#3183=CARTESIAN_POINT('Origin',(131.582521472478,131.582521472478,178.));
#3184=CARTESIAN_POINT('Origin',(131.582521472478,131.582521472478,178.));
#3185=CARTESIAN_POINT('',(132.582521472478,131.582521472478,168.));
#3186=CARTESIAN_POINT('Origin',(131.582521472478,131.582521472478,168.));
#3187=CARTESIAN_POINT('',(132.582521472478,131.582521472478,178.));
#3188=CARTESIAN_POINT('Origin',(132.582521472478,132.582521472478,178.));
#3189=CARTESIAN_POINT('',(132.582521472478,-131.582521472478,168.));
#3190=CARTESIAN_POINT('',(132.582521472478,-131.582521472478,178.));
#3191=CARTESIAN_POINT('',(132.582521472478,132.582521472478,168.));
#3192=CARTESIAN_POINT('Origin',(131.582521472478,-131.582521472478,178.));
#3193=CARTESIAN_POINT('',(131.582521472478,-132.582521472478,168.));
#3194=CARTESIAN_POINT('Origin',(131.582521472478,-131.582521472478,168.));
#3195=CARTESIAN_POINT('',(131.582521472478,-132.582521472478,178.));
#3196=CARTESIAN_POINT('Origin',(132.582521472478,-132.582521472478,178.));
#3197=CARTESIAN_POINT('',(-131.582521472478,-132.582521472478,168.));
#3198=CARTESIAN_POINT('',(-131.582521472478,-132.582521472478,178.));
#3199=CARTESIAN_POINT('',(132.582521472478,-132.582521472478,168.));
#3200=CARTESIAN_POINT('Origin',(-131.582521472478,-131.582521472478,178.));
#3201=CARTESIAN_POINT('',(-132.582521472478,-131.582521472478,168.));
#3202=CARTESIAN_POINT('Origin',(-131.582521472478,-131.582521472478,168.));
#3203=CARTESIAN_POINT('',(-132.582521472478,-131.582521472478,178.));
#3204=CARTESIAN_POINT('Origin',(-132.582521472478,-132.582521472478,178.));
#3205=CARTESIAN_POINT('',(-132.582521472478,-132.582521472478,168.));
#3206=CARTESIAN_POINT('Origin',(1.77635683940025E-14,1.77635683940025E-14,
168.));
#3207=CARTESIAN_POINT('Origin',(-54.4038653149003,-54.4038653149003,5.81451503711517));
#3208=CARTESIAN_POINT('',(-131.679316031137,-132.582521472478,168.));
#3209=CARTESIAN_POINT('',(-132.582521472478,-131.679316031137,168.));
#3210=CARTESIAN_POINT('Origin',(-131.475353651926,-131.475353651926,168.));
#3211=CARTESIAN_POINT('',(-57.5,-56.5967945586592,10.));
#3212=CARTESIAN_POINT('',(-55.3070707562411,-54.4038653149003,5.38530654380171));
#3213=CARTESIAN_POINT('',(-56.5967945586592,-57.5,10.));
#3214=CARTESIAN_POINT('Origin',(-56.392832179448,-56.392832179448,10.));
#3215=CARTESIAN_POINT('',(-54.4038653149003,-55.3070707562411,5.38530654380171));
#3216=CARTESIAN_POINT('Origin',(-57.5,-57.5,10.));
#3217=CARTESIAN_POINT('',(-27.5,-57.5,10.));
#3218=CARTESIAN_POINT('',(-57.5,-57.5,10.));
#3219=CARTESIAN_POINT('',(-102.582521472478,-132.582521472478,168.));
#3220=CARTESIAN_POINT('',(-27.5,-57.5,10.));
#3221=CARTESIAN_POINT('',(-132.582521472478,-132.582521472478,168.));
#3222=CARTESIAN_POINT('Origin',(-42.5,-42.5,10.));
#3223=CARTESIAN_POINT('',(-57.5,-27.5,10.));
#3224=CARTESIAN_POINT('',(-57.5,-27.5,10.));
#3225=CARTESIAN_POINT('',(-27.5,-27.5,10.));
#3226=CARTESIAN_POINT('',(-27.5,-27.5,10.));
#3227=CARTESIAN_POINT('',(-27.5,-57.5,10.));
#3228=CARTESIAN_POINT('Origin',(-117.582521472478,-117.582521472478,168.));
#3229=CARTESIAN_POINT('',(-102.582521472478,-102.582521472478,168.));
#3230=CARTESIAN_POINT('',(-102.582521472478,-132.582521472478,168.));
#3231=CARTESIAN_POINT('',(-132.582521472478,-102.582521472478,168.));
#3232=CARTESIAN_POINT('',(-102.582521472478,-102.582521472478,168.));
#3233=CARTESIAN_POINT('',(-132.582521472478,-102.582521472478,168.));
#3234=CARTESIAN_POINT('Origin',(-27.5,-57.5,10.));
#3235=CARTESIAN_POINT('',(-27.5,-27.5,10.));
#3236=CARTESIAN_POINT('Origin',(-27.5,-27.5,10.));
#3237=CARTESIAN_POINT('',(-57.5,-27.5,10.));
#3238=CARTESIAN_POINT('Origin',(-57.5,-27.5,10.));
#3239=CARTESIAN_POINT('Origin',(-54.4038653149003,54.4038653149003,5.81451503711517));
#3240=CARTESIAN_POINT('',(-132.582521472478,131.679316031137,168.));
#3241=CARTESIAN_POINT('',(-131.679316031137,132.582521472478,168.));
#3242=CARTESIAN_POINT('Origin',(-131.475353651926,131.475353651926,168.));
#3243=CARTESIAN_POINT('',(-56.5967945586592,57.5,10.));
#3244=CARTESIAN_POINT('',(-54.4038653149003,55.3070707562411,5.38530654380171));
#3245=CARTESIAN_POINT('',(-57.5,56.5967945586592,10.));
#3246=CARTESIAN_POINT('Origin',(-56.392832179448,56.392832179448,10.));
#3247=CARTESIAN_POINT('',(-55.3070707562411,54.4038653149003,5.38530654380171));
#3248=CARTESIAN_POINT('Origin',(-57.5,27.5,10.));
#3249=CARTESIAN_POINT('',(-57.5,27.5,10.));
#3250=CARTESIAN_POINT('',(-57.5,27.5,10.));
#3251=CARTESIAN_POINT('',(-132.582521472478,102.582521472478,168.));
#3252=CARTESIAN_POINT('',(-57.5,27.5,10.));
#3253=CARTESIAN_POINT('',(-132.582521472478,102.582521472478,168.));
#3254=CARTESIAN_POINT('Origin',(-42.5,42.5,10.));
#3255=CARTESIAN_POINT('',(-27.5,57.5,10.));
#3256=CARTESIAN_POINT('',(-57.5,57.5,10.));
#3257=CARTESIAN_POINT('',(-27.5,27.5,10.));
#3258=CARTESIAN_POINT('',(-27.5,57.5,10.));
#3259=CARTESIAN_POINT('',(-27.5,27.5,10.));
#3260=CARTESIAN_POINT('Origin',(-117.582521472478,117.582521472478,168.));
#3261=CARTESIAN_POINT('',(-102.582521472478,102.582521472478,168.));
#3262=CARTESIAN_POINT('',(-102.582521472478,102.582521472478,168.));
#3263=CARTESIAN_POINT('',(-102.582521472478,132.582521472478,168.));
#3264=CARTESIAN_POINT('',(-102.582521472478,132.582521472478,168.));
#3265=CARTESIAN_POINT('',(-132.582521472478,132.582521472478,168.));
#3266=CARTESIAN_POINT('Origin',(-27.5,57.5,10.));
#3267=CARTESIAN_POINT('',(-27.5,57.5,10.));
#3268=CARTESIAN_POINT('',(-27.5,27.5,10.));
#3269=CARTESIAN_POINT('Origin',(-27.5,27.5,10.));
#3270=CARTESIAN_POINT('Origin',(-57.5,57.5,10.));
#3271=CARTESIAN_POINT('Origin',(54.4038653149003,54.4038653149003,5.81451503711517));
#3272=CARTESIAN_POINT('',(131.679316031137,132.582521472478,168.));
#3273=CARTESIAN_POINT('',(132.582521472478,131.679316031137,168.));
#3274=CARTESIAN_POINT('Origin',(131.475353651926,131.475353651926,168.));
#3275=CARTESIAN_POINT('',(57.5,56.5967945586592,10.));
#3276=CARTESIAN_POINT('',(55.3070707562411,54.4038653149003,5.38530654380171));
#3277=CARTESIAN_POINT('',(56.5967945586592,57.5,10.));
#3278=CARTESIAN_POINT('Origin',(56.392832179448,56.392832179448,10.));
#3279=CARTESIAN_POINT('',(54.4038653149003,55.3070707562411,5.38530654380171));
#3280=CARTESIAN_POINT('Origin',(57.5,57.5,10.));
#3281=CARTESIAN_POINT('',(27.5,57.5,10.));
#3282=CARTESIAN_POINT('',(57.5,57.5,10.));
#3283=CARTESIAN_POINT('',(102.582521472478,132.582521472478,168.));
#3284=CARTESIAN_POINT('',(27.5,57.5,10.));
#3285=CARTESIAN_POINT('',(132.582521472478,132.582521472478,168.));
#3286=CARTESIAN_POINT('Origin',(42.5,42.5,10.));
#3287=CARTESIAN_POINT('',(57.5,27.5,10.));
#3288=CARTESIAN_POINT('',(57.5,27.5,10.));
#3289=CARTESIAN_POINT('',(27.5,27.5,10.));
#3290=CARTESIAN_POINT('',(27.5,27.5,10.));
#3291=CARTESIAN_POINT('',(27.5,57.5,10.));
#3292=CARTESIAN_POINT('Origin',(117.582521472478,117.582521472478,168.));
#3293=CARTESIAN_POINT('',(102.582521472478,102.582521472478,168.));
#3294=CARTESIAN_POINT('',(102.582521472478,132.582521472478,168.));
#3295=CARTESIAN_POINT('',(132.582521472478,102.582521472478,168.));
#3296=CARTESIAN_POINT('',(102.582521472478,102.582521472478,168.));
#3297=CARTESIAN_POINT('',(132.582521472478,102.582521472478,168.));
#3298=CARTESIAN_POINT('Origin',(27.5,57.5,10.));
#3299=CARTESIAN_POINT('',(27.5,27.5,10.));
#3300=CARTESIAN_POINT('Origin',(27.5,27.5,10.));
#3301=CARTESIAN_POINT('',(57.5,27.5,10.));
#3302=CARTESIAN_POINT('Origin',(57.5,27.5,10.));
#3303=CARTESIAN_POINT('Origin',(-17.25,-87.5701134798317,89.2065818168052));
#3304=CARTESIAN_POINT('',(-17.25,-87.5701134798317,89.2065818168052));
#3305=CARTESIAN_POINT('',(-24.25,-87.5701134798317,89.2065818168052));
#3306=CARTESIAN_POINT('',(-8.625,-87.5701134798318,89.2065818168052));
#3307=CARTESIAN_POINT('',(-17.25,-60.6293451166243,116.147350180013));
#3308=CARTESIAN_POINT('',(-17.25,-71.6248555640751,105.151839732562));
#3309=CARTESIAN_POINT('',(-24.25,-60.6293451166243,116.147350180013));
#3310=CARTESIAN_POINT('',(-9.45306669385949E-16,-60.6293451166243,116.147350180013));
#3311=CARTESIAN_POINT('',(-24.25,-71.6248555640751,105.151839732562));
#3312=CARTESIAN_POINT('Origin',(12.125,-102.420145045455,104.056613382428));
#3313=CARTESIAN_POINT('',(12.125,-102.420145045455,104.056613382428));
#3314=CARTESIAN_POINT('',(8.62499999999999,-98.1335379955842,99.7700063325576));
#3315=CARTESIAN_POINT('',(6.06249999999999,-94.9951292626433,96.6315975996167));
#3316=CARTESIAN_POINT('',(12.125,-75.4793766822473,130.997381745636));
#3317=CARTESIAN_POINT('',(12.125,-86.4748871296981,120.001871298185));
#3318=CARTESIAN_POINT('',(8.62499999999999,-71.1927696323768,126.710774695765));
#3319=CARTESIAN_POINT('',(-9.45306669385949E-16,-60.6293451166243,116.147350180013));
#3320=CARTESIAN_POINT('',(8.62499999999998,-82.1882800798275,115.715264248314));
#3321=CARTESIAN_POINT('Origin',(-6.06250000000002,-69.2030148385112,124.7210199019));
#3322=CARTESIAN_POINT('Origin',(0.,-60.6293451166243,116.147350180013));
#3323=CARTESIAN_POINT('',(1.16720905914324E-15,-72.8269370920922,128.344942155481));
#3324=CARTESIAN_POINT('Origin',(-9.45306669385949E-16,-60.6293451166243,
116.147350180013));
#3325=CARTESIAN_POINT('Origin',(-9.45306669385949E-16,-60.6293451166243,
116.147350180013));
#3326=CARTESIAN_POINT('Origin',(0.,-87.5701134798317,89.2065818168052));
#3327=CARTESIAN_POINT('Origin',(0.,-87.5701134798317,89.2065818168052));
#3328=CARTESIAN_POINT('Origin',(-9.45306669385949E-16,-87.5701134798317,
89.2065818168052));
#3329=CARTESIAN_POINT('Origin',(0.,-71.6248555640751,105.151839732562));
#3330=CARTESIAN_POINT('',(-24.25,-55.6795976483184,121.097097648318));
#3331=CARTESIAN_POINT('',(-24.25,-71.6248555640751,105.151839732562));
#3332=CARTESIAN_POINT('Origin',(0.,-55.6795976483184,121.097097648318));
#3333=CARTESIAN_POINT('Origin',(-9.45306669385949E-16,-71.6248555640751,
105.151839732562));
#3334=CARTESIAN_POINT('',(1.16720905914324E-15,-67.8771896237864,133.294689623786));
#3335=CARTESIAN_POINT('',(1.16720905914324E-15,-83.822447539543,117.34943170803));
#3336=CARTESIAN_POINT('Origin',(-9.45306669385949E-16,-55.6795976483184,
121.097097648318));
#3337=CARTESIAN_POINT('Origin',(0.,-55.6795976483184,121.097097648318));
#3338=CARTESIAN_POINT('Origin',(87.5701134798317,-17.25,89.2065818168052));
#3339=CARTESIAN_POINT('',(87.5701134798317,-17.25,89.2065818168052));
#3340=CARTESIAN_POINT('',(87.5701134798317,-24.25,89.2065818168052));
#3341=CARTESIAN_POINT('',(87.5701134798318,-8.62500000000001,89.2065818168052));
#3342=CARTESIAN_POINT('',(60.6293451166243,-17.25,116.147350180013));
#3343=CARTESIAN_POINT('',(71.6248555640751,-17.25,105.151839732562));
#3344=CARTESIAN_POINT('',(60.6293451166243,-24.25,116.147350180013));
#3345=CARTESIAN_POINT('',(60.6293451166243,-4.65778334095966E-15,116.147350180013));
#3346=CARTESIAN_POINT('',(71.6248555640751,-24.25,105.151839732562));
#3347=CARTESIAN_POINT('Origin',(102.420145045455,12.125,104.056613382428));
#3348=CARTESIAN_POINT('',(102.420145045455,12.125,104.056613382428));
#3349=CARTESIAN_POINT('',(98.1335379955842,8.62499999999999,99.7700063325576));
#3350=CARTESIAN_POINT('',(94.9951292626433,6.06249999999999,96.6315975996167));
#3351=CARTESIAN_POINT('',(75.4793766822473,12.125,130.997381745636));
#3352=CARTESIAN_POINT('',(86.4748871296981,12.125,120.001871298185));
#3353=CARTESIAN_POINT('',(71.1927696323768,8.62499999999999,126.710774695765));
#3354=CARTESIAN_POINT('',(60.6293451166243,-4.65778334095966E-15,116.147350180013));
#3355=CARTESIAN_POINT('',(82.1882800798275,8.62499999999998,115.715264248314));
#3356=CARTESIAN_POINT('Origin',(69.2030148385112,-6.06250000000003,124.7210199019));
#3357=CARTESIAN_POINT('Origin',(60.6293451166243,-3.71247667157371E-15,
116.147350180013));
#3358=CARTESIAN_POINT('',(72.8269370920922,-3.29215471093358E-15,128.344942155481));
#3359=CARTESIAN_POINT('Origin',(60.6293451166243,-4.65778334095966E-15,
116.147350180013));
#3360=CARTESIAN_POINT('Origin',(60.6293451166243,-4.65778334095966E-15,
116.147350180013));
#3361=CARTESIAN_POINT('Origin',(87.5701134798317,-5.36212295870232E-15,
89.2065818168052));
#3362=CARTESIAN_POINT('Origin',(87.5701134798317,-5.36212295870232E-15,
89.2065818168052));
#3363=CARTESIAN_POINT('Origin',(87.5701134798317,-6.30742962808827E-15,
89.2065818168052));
#3364=CARTESIAN_POINT('Origin',(71.6248555640751,-4.3857575052968E-15,105.151839732562));
#3365=CARTESIAN_POINT('',(55.6795976483184,-24.25,121.097097648318));
#3366=CARTESIAN_POINT('',(71.6248555640751,-24.25,105.151839732562));
#3367=CARTESIAN_POINT('Origin',(55.6795976483184,-3.40939205189128E-15,
121.097097648318));
#3368=CARTESIAN_POINT('Origin',(71.6248555640751,-5.33106417468275E-15,
105.151839732562));
#3369=CARTESIAN_POINT('',(67.8771896237864,-2.98907009125116E-15,133.294689623786));
#3370=CARTESIAN_POINT('',(83.822447539543,-3.96543554465668E-15,117.34943170803));
#3371=CARTESIAN_POINT('Origin',(55.6795976483184,-4.35469872127723E-15,
121.097097648318));
#3372=CARTESIAN_POINT('Origin',(55.6795976483184,-3.40939205189128E-15,
121.097097648318));
#3373=CARTESIAN_POINT('Origin',(17.25,87.5701134798317,89.2065818168052));
#3374=CARTESIAN_POINT('',(17.25,87.5701134798317,89.2065818168052));
#3375=CARTESIAN_POINT('',(24.25,87.5701134798317,89.2065818168052));
#3376=CARTESIAN_POINT('',(8.62500000000001,87.5701134798318,89.2065818168052));
#3377=CARTESIAN_POINT('',(17.25,60.6293451166243,116.147350180013));
#3378=CARTESIAN_POINT('',(17.25,71.6248555640751,105.151839732562));
#3379=CARTESIAN_POINT('',(24.25,60.6293451166243,116.147350180013));
#3380=CARTESIAN_POINT('',(8.37026001253336E-15,60.6293451166243,116.147350180013));
#3381=CARTESIAN_POINT('',(24.25,71.6248555640751,105.151839732562));
#3382=CARTESIAN_POINT('Origin',(-12.125,102.420145045455,104.056613382428));
#3383=CARTESIAN_POINT('',(-12.125,102.420145045455,104.056613382428));
#3384=CARTESIAN_POINT('',(-8.62499999999998,98.1335379955842,99.7700063325576));
#3385=CARTESIAN_POINT('',(-6.06249999999998,94.9951292626433,96.6315975996167));
#3386=CARTESIAN_POINT('',(-12.125,75.4793766822473,130.997381745636));
#3387=CARTESIAN_POINT('',(-12.125,86.4748871296981,120.001871298185));
#3388=CARTESIAN_POINT('',(-8.62499999999998,71.1927696323768,126.710774695765));
#3389=CARTESIAN_POINT('',(8.37026001253336E-15,60.6293451166243,116.147350180013));
#3390=CARTESIAN_POINT('',(-8.62499999999997,82.1882800798275,115.715264248314));
#3391=CARTESIAN_POINT('Origin',(6.06250000000003,69.2030148385112,124.7210199019));
#3392=CARTESIAN_POINT('Origin',(7.42495334314741E-15,60.6293451166243,116.147350180013));
#3393=CARTESIAN_POINT('',(7.7515184810104E-15,72.8269370920922,128.344942155481));
#3394=CARTESIAN_POINT('Origin',(8.37026001253336E-15,60.6293451166243,116.147350180013));
#3395=CARTESIAN_POINT('Origin',(8.37026001253336E-15,60.6293451166243,116.147350180013));
#3396=CARTESIAN_POINT('Origin',(1.07242459174046E-14,87.5701134798317,89.2065818168052));
#3397=CARTESIAN_POINT('Origin',(1.07242459174046E-14,87.5701134798317,89.2065818168052));
#3398=CARTESIAN_POINT('Origin',(1.16695525867906E-14,87.5701134798317,89.2065818168052));
#3399=CARTESIAN_POINT('Origin',(8.77151501059361E-15,71.6248555640751,105.151839732562));
#3400=CARTESIAN_POINT('',(24.25,55.6795976483184,121.097097648318));
#3401=CARTESIAN_POINT('',(24.25,71.6248555640751,105.151839732562));
#3402=CARTESIAN_POINT('Origin',(6.81878410378257E-15,55.6795976483184,121.097097648318));
#3403=CARTESIAN_POINT('Origin',(9.71682167997956E-15,71.6248555640751,105.151839732562));
#3404=CARTESIAN_POINT('',(7.14534924164556E-15,67.8771896237864,133.294689623786));
#3405=CARTESIAN_POINT('',(9.0980801484566E-15,83.822447539543,117.34943170803));
#3406=CARTESIAN_POINT('Origin',(7.76409077316852E-15,55.6795976483184,121.097097648318));
#3407=CARTESIAN_POINT('Origin',(6.81878410378257E-15,55.6795976483184,121.097097648318));
#3408=CARTESIAN_POINT('Origin',(-87.5701134798317,17.25,89.2065818168052));
#3409=CARTESIAN_POINT('',(-87.5701134798317,17.25,89.2065818168052));
#3410=CARTESIAN_POINT('',(-87.5701134798317,24.2500000000001,89.2065818168052));
#3411=CARTESIAN_POINT('',(-87.5701134798318,8.62500000000002,89.2065818168052));
#3412=CARTESIAN_POINT('',(-60.6293451166243,17.25,116.147350180013));
#3413=CARTESIAN_POINT('',(-71.6248555640751,17.25,105.151839732562));
#3414=CARTESIAN_POINT('',(-60.6293451166243,24.2500000000001,116.147350180013));
#3415=CARTESIAN_POINT('',(-60.6293451166243,1.20827366841071E-14,116.147350180013));
#3416=CARTESIAN_POINT('',(-71.6248555640751,24.25,105.151839732562));
#3417=CARTESIAN_POINT('Origin',(-102.420145045455,-12.125,104.056613382428));
#3418=CARTESIAN_POINT('',(-102.420145045455,-12.125,104.056613382428));
#3419=CARTESIAN_POINT('',(-98.1335379955842,-8.62499999999998,99.7700063325576));
#3420=CARTESIAN_POINT('',(-94.9951292626433,-6.06249999999998,96.6315975996167));
#3421=CARTESIAN_POINT('',(-75.4793766822473,-12.125,130.997381745636));
#3422=CARTESIAN_POINT('',(-86.4748871296981,-12.125,120.001871298185));
#3423=CARTESIAN_POINT('',(-71.1927696323768,-8.62499999999998,126.710774695765));
#3424=CARTESIAN_POINT('',(-60.6293451166243,1.20827366841071E-14,116.147350180013));
#3425=CARTESIAN_POINT('',(-82.1882800798275,-8.62499999999997,115.715264248314));
#3426=CARTESIAN_POINT('Origin',(-69.2030148385112,6.06250000000004,124.7210199019));
#3427=CARTESIAN_POINT('Origin',(-60.6293451166243,1.11374300147211E-14,
116.147350180013));
#3428=CARTESIAN_POINT('',(-72.8269370920922,1.22108822510872E-14,128.344942155481));
#3429=CARTESIAN_POINT('Origin',(-60.6293451166243,1.20827366841071E-14,
116.147350180013));
#3430=CARTESIAN_POINT('Origin',(-60.6293451166243,1.20827366841071E-14,
116.147350180013));
#3431=CARTESIAN_POINT('Origin',(-87.5701134798317,1.6086368876107E-14,89.2065818168052));
#3432=CARTESIAN_POINT('Origin',(-87.5701134798317,1.6086368876107E-14,89.2065818168052));
#3433=CARTESIAN_POINT('Origin',(-87.5701134798317,1.70316755454929E-14,
89.2065818168052));
#3434=CARTESIAN_POINT('Origin',(-71.6248555640751,1.31572725158904E-14,
105.151839732562));
#3435=CARTESIAN_POINT('',(-55.6795976483184,24.25,121.097097648318));
#3436=CARTESIAN_POINT('',(-71.6248555640751,24.25,105.151839732562));
#3437=CARTESIAN_POINT('Origin',(-55.6795976483184,1.02281761556739E-14,
121.097097648318));
#3438=CARTESIAN_POINT('Origin',(-71.6248555640751,1.41025791852764E-14,
105.151839732562));
#3439=CARTESIAN_POINT('',(-67.8771896237864,1.130162839204E-14,133.294689623786));
#3440=CARTESIAN_POINT('',(-83.822447539543,1.42307247522565E-14,117.34943170803));
#3441=CARTESIAN_POINT('Origin',(-55.6795976483184,1.11734828250598E-14,
121.097097648318));
#3442=CARTESIAN_POINT('Origin',(-55.6795976483184,1.02281761556739E-14,
121.097097648318));
#3443=CARTESIAN_POINT('Origin',(54.4038653149003,-54.4038653149003,5.81451503711517));
#3444=CARTESIAN_POINT('',(132.582521472478,-131.679316031137,168.));
#3445=CARTESIAN_POINT('',(131.679316031137,-132.582521472478,168.));
#3446=CARTESIAN_POINT('Origin',(131.475353651926,-131.475353651926,168.));
#3447=CARTESIAN_POINT('',(56.5967945586592,-57.5,10.));
#3448=CARTESIAN_POINT('',(54.4038653149003,-55.3070707562411,5.38530654380171));
#3449=CARTESIAN_POINT('',(57.5,-56.5967945586592,10.));
#3450=CARTESIAN_POINT('Origin',(56.392832179448,-56.392832179448,10.));
#3451=CARTESIAN_POINT('',(55.3070707562411,-54.4038653149003,5.38530654380171));
#3452=CARTESIAN_POINT('Origin',(57.5,-27.5,10.));
#3453=CARTESIAN_POINT('',(57.5,-27.5,10.));
#3454=CARTESIAN_POINT('',(57.5,-27.5,10.));
#3455=CARTESIAN_POINT('',(132.582521472478,-102.582521472478,168.));
#3456=CARTESIAN_POINT('',(57.5,-27.5,10.));
#3457=CARTESIAN_POINT('',(132.582521472478,-102.582521472478,168.));
#3458=CARTESIAN_POINT('Origin',(42.5,-42.5,10.));
#3459=CARTESIAN_POINT('',(27.5,-57.5,10.));
#3460=CARTESIAN_POINT('',(57.5,-57.5,10.));
#3461=CARTESIAN_POINT('',(27.5,-27.5,10.));
#3462=CARTESIAN_POINT('',(27.5,-57.5,10.));
#3463=CARTESIAN_POINT('',(27.5,-27.5,10.));
#3464=CARTESIAN_POINT('Origin',(117.582521472478,-117.582521472478,168.));
#3465=CARTESIAN_POINT('',(102.582521472478,-102.582521472478,168.));
#3466=CARTESIAN_POINT('',(102.582521472478,-102.582521472478,168.));
#3467=CARTESIAN_POINT('',(102.582521472478,-132.582521472478,168.));
#3468=CARTESIAN_POINT('',(102.582521472478,-132.582521472478,168.));
#3469=CARTESIAN_POINT('',(132.582521472478,-132.582521472478,168.));
#3470=CARTESIAN_POINT('Origin',(27.5,-57.5,10.));
#3471=CARTESIAN_POINT('',(27.5,-57.5,10.));
#3472=CARTESIAN_POINT('',(27.5,-27.5,10.));
#3473=CARTESIAN_POINT('Origin',(27.5,-27.5,10.));
#3474=CARTESIAN_POINT('Origin',(57.5,-57.5,10.));
#3475=CARTESIAN_POINT('Origin',(-90.7792879063574,-105.779287906357,143.161850363129));
#3476=CARTESIAN_POINT('',(-87.5602242065064,-87.5602242065064,136.387809553073));
#3477=CARTESIAN_POINT('',(-87.5602242065064,-117.560224206506,136.387809553073));
#3478=CARTESIAN_POINT('',(-87.5602242065064,-117.560224206506,136.387809553073));
#3479=CARTESIAN_POINT('',(-93.9983516062084,-123.998351606208,149.935891173184));
#3480=CARTESIAN_POINT('',(-102.582521472478,-132.582521472478,168.));
#3481=CARTESIAN_POINT('',(-93.9983516062084,-93.9983516062084,149.935891173185));
#3482=CARTESIAN_POINT('',(-93.9983516062084,-123.998351606208,149.935891173184));
#3483=CARTESIAN_POINT('',(-27.5,-27.5,10.));
#3484=CARTESIAN_POINT('Origin',(90.7792879063574,-105.779287906357,143.161850363129));
#3485=CARTESIAN_POINT('',(87.5602242065064,-87.5602242065064,136.387809553073));
#3486=CARTESIAN_POINT('',(87.5602242065064,-117.560224206506,136.387809553073));
#3487=CARTESIAN_POINT('',(87.5602242065064,-87.5602242065064,136.387809553073));
#3488=CARTESIAN_POINT('',(93.9983516062083,-93.9983516062084,149.935891173185));
#3489=CARTESIAN_POINT('',(102.582521472478,-102.582521472478,168.));
#3490=CARTESIAN_POINT('',(93.9983516062083,-123.998351606208,149.935891173185));
#3491=CARTESIAN_POINT('',(93.9983516062083,-93.9983516062084,149.935891173185));
#3492=CARTESIAN_POINT('',(27.5,-57.5,10.));
#3493=CARTESIAN_POINT('Origin',(87.5602242065064,-87.5602242065064,136.387809553073));
#3494=CARTESIAN_POINT('',(87.5602242065064,-117.560224206506,136.387809553073));
#3495=CARTESIAN_POINT('',(87.5602242065064,-87.5602242065064,136.387809553073));
#3496=CARTESIAN_POINT('Origin',(87.5602242065064,-117.560224206506,136.387809553073));
#3497=CARTESIAN_POINT('',(93.9983516062083,-123.998351606208,149.935891173185));
#3498=CARTESIAN_POINT('Origin',(93.9983516062083,-123.998351606208,149.935891173185));
#3499=CARTESIAN_POINT('',(93.9983516062083,-93.9983516062084,149.935891173185));
#3500=CARTESIAN_POINT('Origin',(93.9983516062083,-93.9983516062084,149.935891173185));
#3501=CARTESIAN_POINT('Origin',(105.779287906357,-90.7792879063574,143.161850363129));
#3502=CARTESIAN_POINT('',(87.5602242065064,-87.5602242065064,136.387809553073));
#3503=CARTESIAN_POINT('',(117.560224206506,-87.5602242065064,136.387809553073));
#3504=CARTESIAN_POINT('',(117.560224206506,-87.5602242065064,136.387809553073));
#3505=CARTESIAN_POINT('',(123.998351606208,-93.9983516062084,149.935891173184));
#3506=CARTESIAN_POINT('',(132.582521472478,-102.582521472478,168.));
#3507=CARTESIAN_POINT('',(93.9983516062084,-93.9983516062084,149.935891173185));
#3508=CARTESIAN_POINT('',(123.998351606208,-93.9983516062084,149.935891173184));
#3509=CARTESIAN_POINT('',(27.5,-27.5,10.));
#3510=CARTESIAN_POINT('Origin',(105.779287906357,90.7792879063574,143.161850363129));
#3511=CARTESIAN_POINT('',(87.5602242065064,87.5602242065064,136.387809553073));
#3512=CARTESIAN_POINT('',(117.560224206506,87.5602242065064,136.387809553073));
#3513=CARTESIAN_POINT('',(87.5602242065064,87.5602242065064,136.387809553073));
#3514=CARTESIAN_POINT('',(93.9983516062084,93.9983516062083,149.935891173185));
#3515=CARTESIAN_POINT('',(102.582521472478,102.582521472478,168.));
#3516=CARTESIAN_POINT('',(123.998351606208,93.9983516062083,149.935891173185));
#3517=CARTESIAN_POINT('',(93.9983516062084,93.9983516062083,149.935891173185));
#3518=CARTESIAN_POINT('',(57.5,27.5,10.));
#3519=CARTESIAN_POINT('Origin',(87.5602242065064,87.5602242065064,136.387809553073));
#3520=CARTESIAN_POINT('',(117.560224206506,87.5602242065064,136.387809553073));
#3521=CARTESIAN_POINT('',(87.5602242065064,87.5602242065064,136.387809553073));
#3522=CARTESIAN_POINT('Origin',(117.560224206506,87.5602242065064,136.387809553073));
#3523=CARTESIAN_POINT('',(123.998351606208,93.9983516062083,149.935891173185));
#3524=CARTESIAN_POINT('Origin',(123.998351606208,93.9983516062083,149.935891173185));
#3525=CARTESIAN_POINT('',(93.9983516062084,93.9983516062083,149.935891173185));
#3526=CARTESIAN_POINT('Origin',(93.9983516062084,93.9983516062083,149.935891173185));
#3527=CARTESIAN_POINT('Origin',(90.7792879063574,105.779287906357,143.161850363129));
#3528=CARTESIAN_POINT('',(87.5602242065064,87.5602242065064,136.387809553073));
#3529=CARTESIAN_POINT('',(87.5602242065064,117.560224206506,136.387809553073));
#3530=CARTESIAN_POINT('',(87.5602242065064,117.560224206506,136.387809553073));
#3531=CARTESIAN_POINT('',(93.9983516062084,123.998351606208,149.935891173184));
#3532=CARTESIAN_POINT('',(102.582521472478,132.582521472478,168.));
#3533=CARTESIAN_POINT('',(93.9983516062084,93.9983516062083,149.935891173185));
#3534=CARTESIAN_POINT('',(93.9983516062084,123.998351606208,149.935891173184));
#3535=CARTESIAN_POINT('',(27.5,27.5,10.));
#3536=CARTESIAN_POINT('Origin',(-90.7792879063573,105.779287906357,143.161850363129));
#3537=CARTESIAN_POINT('',(-87.5602242065064,87.5602242065064,136.387809553073));
#3538=CARTESIAN_POINT('',(-87.5602242065064,117.560224206506,136.387809553073));
#3539=CARTESIAN_POINT('',(-87.5602242065063,87.5602242065064,136.387809553073));
#3540=CARTESIAN_POINT('',(-93.9983516062083,93.9983516062084,149.935891173185));
#3541=CARTESIAN_POINT('',(-102.582521472478,102.582521472478,168.));
#3542=CARTESIAN_POINT('',(-93.9983516062083,123.998351606208,149.935891173185));
#3543=CARTESIAN_POINT('',(-93.9983516062083,93.9983516062084,149.935891173185));
#3544=CARTESIAN_POINT('',(-27.5,57.5,10.));
#3545=CARTESIAN_POINT('Origin',(-87.5602242065063,87.5602242065064,136.387809553073));
#3546=CARTESIAN_POINT('',(-87.5602242065064,117.560224206506,136.387809553073));
#3547=CARTESIAN_POINT('',(-87.5602242065064,87.5602242065064,136.387809553073));
#3548=CARTESIAN_POINT('Origin',(-87.5602242065064,117.560224206506,136.387809553073));
#3549=CARTESIAN_POINT('',(-93.9983516062083,123.998351606208,149.935891173185));
#3550=CARTESIAN_POINT('Origin',(-93.9983516062083,123.998351606208,149.935891173185));
#3551=CARTESIAN_POINT('',(-93.9983516062083,93.9983516062084,149.935891173185));
#3552=CARTESIAN_POINT('Origin',(-93.9983516062083,93.9983516062084,149.935891173185));
#3553=CARTESIAN_POINT('Origin',(-105.779287906357,90.7792879063574,143.161850363129));
#3554=CARTESIAN_POINT('',(-87.5602242065064,87.5602242065064,136.387809553073));
#3555=CARTESIAN_POINT('',(-117.560224206506,87.5602242065064,136.387809553073));
#3556=CARTESIAN_POINT('',(-117.560224206506,87.5602242065064,136.387809553073));
#3557=CARTESIAN_POINT('',(-123.998351606208,93.9983516062084,149.935891173184));
#3558=CARTESIAN_POINT('',(-132.582521472478,102.582521472478,168.));
#3559=CARTESIAN_POINT('',(-93.9983516062083,93.9983516062084,149.935891173185));
#3560=CARTESIAN_POINT('',(-123.998351606208,93.9983516062084,149.935891173184));
#3561=CARTESIAN_POINT('',(-27.5,27.5,10.));
#3562=CARTESIAN_POINT('Origin',(-105.779287906357,-90.7792879063573,143.161850363129));
#3563=CARTESIAN_POINT('',(-87.5602242065064,-87.5602242065064,136.387809553073));
#3564=CARTESIAN_POINT('',(-117.560224206506,-87.5602242065064,136.387809553073));
#3565=CARTESIAN_POINT('',(-87.5602242065064,-87.5602242065063,136.387809553073));
#3566=CARTESIAN_POINT('',(-93.9983516062084,-93.9983516062083,149.935891173185));
#3567=CARTESIAN_POINT('',(-102.582521472478,-102.582521472478,168.));
#3568=CARTESIAN_POINT('',(-123.998351606208,-93.9983516062083,149.935891173185));
#3569=CARTESIAN_POINT('',(-93.9983516062084,-93.9983516062083,149.935891173185));
#3570=CARTESIAN_POINT('',(-57.5,-27.5,10.));
#3571=CARTESIAN_POINT('Origin',(-87.5602242065064,-87.5602242065063,136.387809553073));
#3572=CARTESIAN_POINT('',(-117.560224206506,-87.5602242065064,136.387809553073));
#3573=CARTESIAN_POINT('',(-87.5602242065064,-87.5602242065064,136.387809553073));
#3574=CARTESIAN_POINT('Origin',(-117.560224206506,-87.5602242065064,136.387809553073));
#3575=CARTESIAN_POINT('',(-123.998351606208,-93.9983516062083,149.935891173185));
#3576=CARTESIAN_POINT('Origin',(-123.998351606208,-93.9983516062083,149.935891173185));
#3577=CARTESIAN_POINT('',(-93.9983516062084,-93.9983516062083,149.935891173185));
#3578=CARTESIAN_POINT('Origin',(-93.9983516062084,-93.9983516062083,149.935891173185));
#3579=CARTESIAN_POINT('Origin',(58.5953184992549,-43.5953184992549,43.8702040502791));
#3580=CARTESIAN_POINT('',(46.8143821991059,-46.8143821991059,50.6442448603349));
#3581=CARTESIAN_POINT('',(40.376254799404,-40.3762547994039,37.0961632402233));
#3582=CARTESIAN_POINT('',(27.5,-27.5,10.));
#3583=CARTESIAN_POINT('',(70.376254799404,-40.3762547994039,37.0961632402233));
#3584=CARTESIAN_POINT('',(70.376254799404,-40.3762547994039,37.0961632402233));
#3585=CARTESIAN_POINT('',(76.8143821991059,-46.8143821991059,50.6442448603349));
#3586=CARTESIAN_POINT('',(132.582521472478,-102.582521472478,168.));
#3587=CARTESIAN_POINT('',(76.8143821991059,-46.8143821991059,50.6442448603349));
#3588=CARTESIAN_POINT('Origin',(58.5953184992549,43.5953184992549,43.8702040502791));
#3589=CARTESIAN_POINT('',(46.8143821991059,46.8143821991059,50.6442448603349));
#3590=CARTESIAN_POINT('',(40.376254799404,40.3762547994039,37.0961632402233));
#3591=CARTESIAN_POINT('',(102.582521472478,102.582521472478,168.));
#3592=CARTESIAN_POINT('',(76.8143821991059,46.8143821991059,50.6442448603349));
#3593=CARTESIAN_POINT('',(46.8143821991059,46.8143821991059,50.6442448603349));
#3594=CARTESIAN_POINT('',(70.3762547994039,40.3762547994039,37.0961632402233));
#3595=CARTESIAN_POINT('',(57.5,27.5,10.));
#3596=CARTESIAN_POINT('',(40.376254799404,40.3762547994039,37.0961632402233));
#3597=CARTESIAN_POINT('Origin',(46.8143821991059,46.8143821991059,50.6442448603349));
#3598=CARTESIAN_POINT('',(40.376254799404,40.3762547994039,37.0961632402233));
#3599=CARTESIAN_POINT('',(46.8143821991059,46.8143821991059,50.6442448603349));
#3600=CARTESIAN_POINT('Origin',(40.376254799404,40.3762547994039,37.0961632402233));
#3601=CARTESIAN_POINT('',(70.3762547994039,40.3762547994039,37.0961632402233));
#3602=CARTESIAN_POINT('Origin',(70.3762547994039,40.3762547994039,37.0961632402233));
#3603=CARTESIAN_POINT('',(76.8143821991059,46.8143821991059,50.6442448603349));
#3604=CARTESIAN_POINT('Origin',(76.8143821991059,46.8143821991059,50.6442448603349));
#3605=CARTESIAN_POINT('Origin',(43.5953184992549,58.5953184992549,43.8702040502791));
#3606=CARTESIAN_POINT('',(46.8143821991059,46.8143821991059,50.6442448603349));
#3607=CARTESIAN_POINT('',(40.3762547994039,40.3762547994039,37.0961632402233));
#3608=CARTESIAN_POINT('',(27.5,27.5,10.));
#3609=CARTESIAN_POINT('',(40.3762547994039,70.3762547994039,37.0961632402233));
#3610=CARTESIAN_POINT('',(40.3762547994039,70.3762547994039,37.0961632402233));
#3611=CARTESIAN_POINT('',(46.8143821991059,76.8143821991059,50.6442448603349));
#3612=CARTESIAN_POINT('',(102.582521472478,132.582521472478,168.));
#3613=CARTESIAN_POINT('',(46.8143821991059,76.8143821991059,50.6442448603349));
#3614=CARTESIAN_POINT('Origin',(-43.5953184992549,58.5953184992549,43.8702040502791));
#3615=CARTESIAN_POINT('',(-46.8143821991059,46.8143821991059,50.6442448603349));
#3616=CARTESIAN_POINT('',(-40.3762547994039,40.376254799404,37.0961632402233));
#3617=CARTESIAN_POINT('',(-102.582521472478,102.582521472478,168.));
#3618=CARTESIAN_POINT('',(-46.8143821991059,76.8143821991059,50.6442448603349));
#3619=CARTESIAN_POINT('',(-46.8143821991059,46.8143821991059,50.6442448603349));
#3620=CARTESIAN_POINT('',(-40.3762547994039,70.376254799404,37.0961632402233));
#3621=CARTESIAN_POINT('',(-27.5,57.5,10.));
#3622=CARTESIAN_POINT('',(-40.3762547994039,40.376254799404,37.0961632402233));
#3623=CARTESIAN_POINT('Origin',(-46.8143821991059,46.8143821991059,50.6442448603349));
#3624=CARTESIAN_POINT('',(-40.3762547994039,40.376254799404,37.0961632402233));
#3625=CARTESIAN_POINT('',(-46.8143821991059,46.8143821991059,50.6442448603349));
#3626=CARTESIAN_POINT('Origin',(-40.3762547994039,40.376254799404,37.0961632402233));
#3627=CARTESIAN_POINT('',(-40.3762547994039,70.376254799404,37.0961632402233));
#3628=CARTESIAN_POINT('Origin',(-40.3762547994039,70.376254799404,37.0961632402233));
#3629=CARTESIAN_POINT('',(-46.8143821991059,76.8143821991059,50.6442448603349));
#3630=CARTESIAN_POINT('Origin',(-46.8143821991059,76.8143821991059,50.6442448603349));
#3631=CARTESIAN_POINT('Origin',(-58.5953184992549,43.5953184992549,43.8702040502791));
#3632=CARTESIAN_POINT('',(-46.8143821991059,46.8143821991059,50.6442448603349));
#3633=CARTESIAN_POINT('',(-40.3762547994039,40.3762547994039,37.0961632402233));
#3634=CARTESIAN_POINT('',(-27.5,27.5,10.));
#3635=CARTESIAN_POINT('',(-70.3762547994039,40.3762547994039,37.0961632402233));
#3636=CARTESIAN_POINT('',(-70.3762547994039,40.3762547994039,37.0961632402233));
#3637=CARTESIAN_POINT('',(-76.8143821991059,46.8143821991059,50.6442448603349));
#3638=CARTESIAN_POINT('',(-132.582521472478,102.582521472478,168.));
#3639=CARTESIAN_POINT('',(-76.8143821991059,46.8143821991059,50.6442448603349));
#3640=CARTESIAN_POINT('Origin',(-58.5953184992549,-43.5953184992549,43.8702040502791));
#3641=CARTESIAN_POINT('',(-46.8143821991059,-46.8143821991059,50.6442448603349));
#3642=CARTESIAN_POINT('',(-40.376254799404,-40.3762547994039,37.0961632402233));
#3643=CARTESIAN_POINT('',(-102.582521472478,-102.582521472478,168.));
#3644=CARTESIAN_POINT('',(-76.8143821991059,-46.8143821991059,50.6442448603349));
#3645=CARTESIAN_POINT('',(-46.8143821991059,-46.8143821991059,50.6442448603349));
#3646=CARTESIAN_POINT('',(-70.376254799404,-40.3762547994039,37.0961632402233));
#3647=CARTESIAN_POINT('',(-57.5,-27.5,10.));
#3648=CARTESIAN_POINT('',(-40.376254799404,-40.3762547994039,37.0961632402233));
#3649=CARTESIAN_POINT('Origin',(-46.8143821991059,-46.8143821991059,50.6442448603349));
#3650=CARTESIAN_POINT('',(-40.376254799404,-40.3762547994039,37.0961632402233));
#3651=CARTESIAN_POINT('',(-46.8143821991059,-46.8143821991059,50.6442448603349));
#3652=CARTESIAN_POINT('Origin',(-40.376254799404,-40.3762547994039,37.0961632402233));
#3653=CARTESIAN_POINT('',(-70.376254799404,-40.3762547994039,37.0961632402233));
#3654=CARTESIAN_POINT('Origin',(-70.376254799404,-40.3762547994039,37.0961632402233));
#3655=CARTESIAN_POINT('',(-76.8143821991059,-46.8143821991059,50.6442448603349));
#3656=CARTESIAN_POINT('Origin',(-76.8143821991059,-46.8143821991059,50.6442448603349));
#3657=CARTESIAN_POINT('Origin',(-43.5953184992549,-58.5953184992549,43.8702040502791));
#3658=CARTESIAN_POINT('',(-46.8143821991059,-46.8143821991059,50.6442448603349));
#3659=CARTESIAN_POINT('',(-40.3762547994039,-40.376254799404,37.0961632402233));
#3660=CARTESIAN_POINT('',(-27.5,-27.5,10.));
#3661=CARTESIAN_POINT('',(-40.3762547994039,-70.376254799404,37.0961632402233));
#3662=CARTESIAN_POINT('',(-40.3762547994039,-70.376254799404,37.0961632402233));
#3663=CARTESIAN_POINT('',(-46.8143821991059,-76.8143821991059,50.6442448603349));
#3664=CARTESIAN_POINT('',(-102.582521472478,-132.582521472478,168.));
#3665=CARTESIAN_POINT('',(-46.8143821991059,-76.8143821991059,50.6442448603349));
#3666=CARTESIAN_POINT('Origin',(43.5953184992549,-58.5953184992549,43.8702040502791));
#3667=CARTESIAN_POINT('',(46.8143821991059,-46.8143821991059,50.6442448603349));
#3668=CARTESIAN_POINT('',(40.3762547994039,-40.376254799404,37.0961632402233));
#3669=CARTESIAN_POINT('',(102.582521472478,-102.582521472478,168.));
#3670=CARTESIAN_POINT('',(46.8143821991059,-76.8143821991059,50.6442448603349));
#3671=CARTESIAN_POINT('',(46.8143821991059,-46.8143821991059,50.6442448603349));
#3672=CARTESIAN_POINT('',(40.3762547994039,-70.3762547994039,37.0961632402233));
#3673=CARTESIAN_POINT('',(27.5,-57.5,10.));
#3674=CARTESIAN_POINT('',(40.3762547994039,-40.376254799404,37.0961632402233));
#3675=CARTESIAN_POINT('Origin',(46.8143821991059,-46.8143821991059,50.6442448603349));
#3676=CARTESIAN_POINT('',(40.3762547994039,-40.376254799404,37.0961632402233));
#3677=CARTESIAN_POINT('',(46.8143821991059,-46.8143821991059,50.6442448603349));
#3678=CARTESIAN_POINT('Origin',(40.3762547994039,-40.376254799404,37.0961632402233));
#3679=CARTESIAN_POINT('',(40.3762547994039,-70.3762547994039,37.0961632402233));
#3680=CARTESIAN_POINT('Origin',(40.3762547994039,-70.3762547994039,37.0961632402233));
#3681=CARTESIAN_POINT('',(46.8143821991059,-76.8143821991059,50.6442448603349));
#3682=CARTESIAN_POINT('Origin',(46.8143821991059,-76.8143821991059,50.6442448603349));
#3683=UNCERTAINTY_MEASURE_WITH_UNIT(LENGTH_MEASURE(0.01),#3687,
'DISTANCE_ACCURACY_VALUE',
'Maximum model space distance between geometric entities at asserted c
onnectivities');
#3684=UNCERTAINTY_MEASURE_WITH_UNIT(LENGTH_MEASURE(0.01),#3687,
'DISTANCE_ACCURACY_VALUE',
'Maximum model space distance between geometric entities at asserted c
onnectivities');
#3685=(
GEOMETRIC_REPRESENTATION_CONTEXT(3)
GLOBAL_UNCERTAINTY_ASSIGNED_CONTEXT((#3683))
GLOBAL_UNIT_ASSIGNED_CONTEXT((#3687,#3689,#3690))
REPRESENTATION_CONTEXT('','3D')
);
#3686=(
GEOMETRIC_REPRESENTATION_CONTEXT(3)
GLOBAL_UNCERTAINTY_ASSIGNED_CONTEXT((#3684))
GLOBAL_UNIT_ASSIGNED_CONTEXT((#3687,#3689,#3690))
REPRESENTATION_CONTEXT('','3D')
);
#3687=(
LENGTH_UNIT()
NAMED_UNIT(*)
SI_UNIT(.MILLI.,.METRE.)
);
#3688=(
LENGTH_UNIT()
NAMED_UNIT(*)
SI_UNIT($,.METRE.)
);
#3689=(
NAMED_UNIT(*)
PLANE_ANGLE_UNIT()
SI_UNIT($,.RADIAN.)
);
#3690=(
NAMED_UNIT(*)
SI_UNIT($,.STERADIAN.)
SOLID_ANGLE_UNIT()
);
#3691=SHAPE_DEFINITION_REPRESENTATION(#3692,#3693);
#3692=PRODUCT_DEFINITION_SHAPE('',$,#3695);
#3693=SHAPE_REPRESENTATION('',(#2251),#3685);
#3694=PRODUCT_DEFINITION_CONTEXT('part definition',#3699,'design');
#3695=PRODUCT_DEFINITION('Carrier','Carrier v10',#3696,#3694);
#3696=PRODUCT_DEFINITION_FORMATION('',$,#3701);
#3697=PRODUCT_RELATED_PRODUCT_CATEGORY('Carrier v10','Carrier v10',(#3701));
#3698=APPLICATION_PROTOCOL_DEFINITION('international standard',
'automotive_design',2009,#3699);
#3699=APPLICATION_CONTEXT(
'Core Data for Automotive Mechanical Design Process');
#3700=PRODUCT_CONTEXT('part definition',#3699,'mechanical');
#3701=PRODUCT('Carrier','Carrier v10',$,(#3700));
#3702=PRESENTATION_STYLE_ASSIGNMENT((#3703));
#3703=SURFACE_STYLE_USAGE(.BOTH.,#3704);
#3704=SURFACE_SIDE_STYLE('',(#3705));
#3705=SURFACE_STYLE_FILL_AREA(#3706);
#3706=FILL_AREA_STYLE('ABS (White)',(#3707));
#3707=FILL_AREA_STYLE_COLOUR('ABS (White)',#3708);
#3708=COLOUR_RGB('ABS (White)',0.2,0.2,0.2);
ENDSEC;
END-ISO-10303-21;
